date,usd2y,usd5y,usd10y,swaption_vol,eurusd,credit_spread
2020-01-02,1.500000,1.700000,1.900000,80.000000,1.125339,130.000000
2020-01-03,1.462401,1.715124,1.897659,79.147778,1.129321,129.623239
2020-01-06,1.505521,1.702689,1.963366,78.249074,1.128163,129.469342
2020-01-07,1.557025,1.792935,1.972832,79.719033,1.127929,128.857655
2020-01-08,1.478200,1.829425,1.956394,80.791901,1.126026,130.267343
2020-01-09,1.428889,1.765758,2.009436,81.500119,1.129529,131.390784
2020-01-10,1.444126,1.811413,2.066536,82.593568,1.125468,133.343383
2020-01-13,1.439319,1.777361,2.140172,80.103174,1.124393,132.880309
2020-01-14,1.448006,1.754317,2.191728,81.743340,1.111230,134.875550
2020-01-15,1.419027,1.780360,2.253430,82.172323,1.120845,132.744400
2020-01-16,1.468123,1.761992,2.297462,83.360661,1.119610,130.595541
2020-01-17,1.512452,1.819851,2.317948,83.742736,1.122163,128.747503
2020-01-20,1.524573,1.785774,2.329552,83.689341,1.130373,128.874766
2020-01-21,1.584401,1.760389,2.324771,83.231796,1.132071,130.909824
2020-01-22,1.614301,1.733047,2.271253,83.592058,1.140276,130.037298
2020-01-23,1.584376,1.710805,2.230802,83.092516,1.133219,129.374216
2020-01-24,1.609832,1.780217,2.224179,84.085568,1.146884,129.134845
2020-01-27,1.575443,1.823480,2.243754,81.985618,1.153135,130.160021
2020-01-28,1.623871,1.926033,2.323220,81.262503,1.154342,129.494221
2020-01-29,1.630329,2.058849,2.328237,83.754282,1.162596,128.745811
2020-01-30,1.630689,2.009724,2.385498,82.857335,1.155823,126.705721
2020-01-31,1.608725,2.021358,2.446322,82.474339,1.154156,125.923910
2020-02-03,1.672504,1.964382,2.441364,81.315339,1.162521,127.948609
2020-02-04,1.674060,1.929556,2.477733,81.686040,1.151719,128.214605
2020-02-05,1.663289,1.902983,2.472046,80.738332,1.154951,127.148692
2020-02-06,1.655990,1.853028,2.544665,80.491669,1.158028,129.255035
2020-02-07,1.688520,1.803562,2.582678,81.508138,1.169487,128.426143
2020-02-10,1.713411,1.804212,2.529223,80.613097,1.160267,130.813811
2020-02-11,1.740330,1.745876,2.543583,81.553664,1.169642,133.151444
2020-02-12,1.767956,1.801009,2.632214,82.518100,1.166375,133.309548
2020-02-13,1.872458,1.759129,2.629023,83.756374,1.163771,130.978773
2020-02-14,1.861880,1.922418,2.657293,83.817668,1.156682,134.732186
2020-02-17,1.846581,1.905703,2.690358,87.870504,1.150408,135.404506
2020-02-18,1.817775,1.917841,2.644165,89.020535,1.152731,134.932242
2020-02-19,1.853423,1.854726,2.675524,89.169140,1.146338,136.512724
2020-02-20,1.912013,1.956942,2.611530,87.719209,1.150589,137.671281
2020-02-21,1.914437,2.026487,2.586203,87.349873,1.146781,139.792070
2020-02-24,1.884173,2.050511,2.646044,89.003851,1.139847,138.734393
2020-02-25,1.854734,1.984035,2.669698,91.023988,1.136843,139.256606
2020-02-26,1.891792,2.003485,2.660195,92.705251,1.138758,137.366648
2020-02-27,1.932871,1.949593,2.688277,93.389699,1.137180,138.459116
2020-02-28,1.964782,2.038024,2.690920,91.222676,1.137375,138.437813
2020-03-02,1.942175,2.090178,2.697185,91.530535,1.141341,138.903049
2020-03-03,1.960053,2.102866,2.735637,89.479739,1.147535,138.679859
2020-03-04,1.972664,1.976254,2.704726,87.211882,1.145757,138.291479
2020-03-05,1.989814,1.930061,2.712324,87.298959,1.139790,136.919394
2020-03-06,2.036269,1.975968,2.702261,87.756609,1.140224,138.214888
2020-03-09,2.053386,2.050572,2.628572,88.707250,1.142910,140.616266
2020-03-10,2.090924,2.119174,2.588435,89.094643,1.134593,139.719434
2020-03-11,2.100801,2.038937,2.672892,89.518278,1.129552,140.607904
2020-03-12,2.120608,2.063167,2.697836,87.908856,1.125498,141.293319
2020-03-13,2.155734,2.126567,2.637266,87.522656,1.124329,141.293342
2020-03-16,2.096739,2.042652,2.566099,85.335863,1.120059,138.837856
2020-03-17,2.089167,2.049847,2.566626,82.649371,1.124025,136.766921
2020-03-18,2.074843,2.072509,2.650819,83.491050,1.115040,135.549681
2020-03-19,2.052994,2.063477,2.647278,82.447456,1.106268,132.171777
2020-03-20,2.047601,1.969154,2.718439,83.458093,1.104422,134.502908
2020-03-23,2.121883,1.959164,2.741561,84.749539,1.103453,135.146204
2020-03-24,2.089633,1.949126,2.770558,83.820729,1.095456,135.146805
2020-03-25,2.140047,1.948985,2.709090,84.447952,1.092138,131.690959
2020-03-26,2.070958,1.925998,2.761529,83.478973,1.089950,128.855856
2020-03-27,2.062804,1.909729,2.750137,81.095668,1.087809,128.963551
2020-03-30,2.077077,1.915706,2.798691,81.212656,1.088635,132.226700
2020-03-31,2.110348,1.948178,2.763187,80.604676,1.085040,131.186602
2020-04-01,2.149112,1.939442,2.777387,80.056243,1.093088,132.656813
2020-04-02,2.191416,1.924953,2.800278,82.462075,1.095759,131.962401
2020-04-03,2.182158,1.938133,2.797775,80.522873,1.091346,132.131160
2020-04-06,2.167824,1.840530,2.823211,80.970825,1.091862,134.153342
2020-04-07,2.212961,1.875205,2.814998,79.742678,1.092539,133.658286
2020-04-08,2.210701,1.883473,2.787685,80.844334,1.099195,132.617536
2020-04-09,2.159652,1.893922,2.873209,81.181469,1.095900,134.960273
2020-04-10,2.115215,1.954987,2.930564,81.608821,1.100113,135.083563
2020-04-13,2.080579,1.855562,2.897198,80.412263,1.100343,136.878655
2020-04-14,2.109829,1.755379,2.930432,79.481848,1.108580,135.813471
2020-04-15,2.122999,1.779217,2.897976,80.610778,1.115758,138.106015
2020-04-16,2.160779,1.787509,2.843550,82.761764,1.116858,138.562758
2020-04-17,2.148109,1.805518,2.900266,83.275350,1.115394,139.272791
2020-04-20,2.161851,1.788679,2.819860,82.063021,1.118223,139.490670
2020-04-21,2.196555,1.833864,2.871323,82.418321,1.117215,138.687003
2020-04-22,2.189048,1.893624,2.863602,85.398318,1.126640,138.697441
2020-04-23,2.216047,1.928468,2.857970,85.362232,1.127083,138.002322
2020-04-24,2.192596,1.922209,2.883426,87.085035,1.124799,139.557572
2020-04-27,2.182689,1.814397,2.917352,85.904341,1.122217,139.237105
2020-04-28,2.171980,1.865247,2.880766,85.666927,1.115431,136.850322
2020-04-29,2.124679,1.940782,2.921529,86.289430,1.118539,134.194741
2020-04-30,2.153294,1.984269,2.931911,86.608383,1.113963,131.490045
2020-05-01,2.138758,1.943752,2.873781,85.414826,1.120096,132.563898
2020-05-04,2.145965,1.988835,2.870192,84.218291,1.112878,130.795852
2020-05-05,2.174215,2.044009,2.944175,85.344400,1.113587,131.368030
2020-05-06,2.200812,2.137368,3.032628,86.715102,1.120009,131.672869
2020-05-07,2.237151,2.096433,3.072765,88.490231,1.108021,131.652607
2020-05-08,2.238970,2.091392,3.017357,90.642677,1.119259,132.437529
2020-05-11,2.226166,2.139926,3.046218,90.486212,1.116882,132.766440
2020-05-12,2.228874,2.150324,3.092976,89.732621,1.117670,128.503208
2020-05-13,2.159228,2.096070,3.133289,91.254747,1.120868,128.100375
2020-05-14,2.100671,2.126289,3.176404,91.872541,1.124945,128.899536
2020-05-15,2.047947,2.165411,3.198262,90.153529,1.126487,131.634993
2020-05-18,2.010079,2.177387,3.198248,88.448896,1.132118,134.416976
2020-05-19,2.035229,2.196555,3.171437,88.835997,1.135060,132.291765
2020-05-20,2.001541,2.189339,3.080254,88.322056,1.145098,131.809287
2020-05-21,1.991718,2.277687,3.101315,88.025322,1.148093,129.385410
2020-05-22,2.057416,2.234839,3.114612,89.196748,1.159426,131.923372
2020-05-25,2.048355,2.209397,3.146433,89.924066,1.164661,133.624709
2020-05-26,2.088550,2.216963,3.083370,91.414630,1.154193,134.249402
2020-05-27,2.053383,2.272238,3.119687,88.449443,1.169361,134.572660
2020-05-28,2.051124,2.196593,3.226336,88.519242,1.166007,136.835943
2020-05-29,2.015369,2.131541,3.233753,89.175335,1.174759,138.805704
2020-06-01,2.007251,2.026739,3.234135,86.873094,1.174917,140.670518
2020-06-02,2.052236,2.036231,3.253048,85.811435,1.181167,141.394501
2020-06-03,1.981497,1.982379,3.358053,84.558299,1.177108,140.821791
2020-06-04,2.008320,1.969099,3.309838,84.445323,1.180796,142.040973
2020-06-05,2.026185,2.013399,3.323159,86.392403,1.179302,143.326230
2020-06-08,2.006544,1.985860,3.286284,88.848475,1.188650,142.987948
2020-06-09,1.948645,2.006437,3.262188,87.494060,1.191260,142.396070
2020-06-10,1.959296,1.997748,3.263060,87.951272,1.196848,144.185410
2020-06-11,1.942832,2.042523,3.333774,88.439811,1.183967,146.806142
2020-06-12,1.960731,2.076285,3.426888,88.688279,1.183461,145.539047
2020-06-15,1.969071,2.045724,3.451988,88.945106,1.185892,145.062254
2020-06-16,2.048475,2.044065,3.435750,89.067611,1.187219,145.573125
2020-06-17,2.044710,2.109095,3.563044,91.057232,1.192938,146.295952
2020-06-18,2.005674,2.138094,3.543814,92.216713,1.190758,145.397206
2020-06-19,2.020919,2.068509,3.517482,90.375718,1.191048,148.356867
2020-06-22,2.037935,2.112094,3.431065,91.126894,1.198104,148.948651
2020-06-23,2.106147,2.059792,3.503546,91.994775,1.184531,149.709378
2020-06-24,2.150502,2.145041,3.554344,92.043854,1.188026,152.426499
2020-06-25,2.173159,2.208586,3.677417,93.226251,1.186045,151.583735
2020-06-26,2.245515,2.231495,3.609631,93.061483,1.180647,151.326407
2020-06-29,2.198239,2.247017,3.684501,92.919208,1.182635,149.207827
2020-06-30,2.175857,2.242332,3.689670,92.671212,1.189915,148.839988
2020-07-01,2.140658,2.286482,3.731616,89.512052,1.196114,146.369304
2020-07-02,2.129754,2.272743,3.650701,89.103348,1.195306,147.502170
2020-07-03,2.074484,2.292408,3.725902,87.929912,1.200552,148.099143
2020-07-06,2.109968,2.346995,3.766724,86.134318,1.205774,147.574841
2020-07-07,2.106728,2.322508,3.766112,87.812315,1.205247,147.338414
2020-07-08,2.047315,2.295127,3.799703,88.231991,1.201078,148.483377
2020-07-09,2.008624,2.236057,3.762629,87.933765,1.197269,146.581269
2020-07-10,2.029898,2.184366,3.735007,86.944944,1.202295,146.842125
2020-07-13,2.074694,2.090867,3.713294,87.114224,1.202042,147.892919
2020-07-14,2.171448,2.138444,3.622205,88.193734,1.195770,144.962352
2020-07-15,2.309086,2.245181,3.667204,86.852054,1.185739,146.008629
2020-07-16,2.333698,2.330393,3.728515,86.631920,1.190681,143.270043
2020-07-17,2.295034,2.247437,3.694934,87.557882,1.187430,143.049191
2020-07-20,2.205112,2.294114,3.713964,84.821739,1.189394,141.157273
2020-07-21,2.223539,2.378954,3.702231,84.599856,1.196789,143.435695
2020-07-22,2.193262,2.360113,3.720236,83.915976,1.188982,141.549945
2020-07-23,2.180998,2.372052,3.690376,83.627706,1.188714,138.894141
2020-07-24,2.159930,2.267930,3.647843,82.890462,1.187700,139.118563
2020-07-27,2.160154,2.289329,3.702256,82.973359,1.189957,138.465453
2020-07-28,2.214683,2.237476,3.700653,85.308935,1.197352,136.073430
2020-07-29,2.228091,2.255306,3.803356,84.731953,1.189420,136.954000
2020-07-30,2.227240,2.176218,3.806858,84.956933,1.192813,133.798062
2020-07-31,2.186927,2.213171,3.761727,87.379624,1.198981,132.202095
2020-08-03,2.118018,2.276466,3.824427,86.432592,1.197864,131.359725
2020-08-04,2.102862,2.240085,3.857069,88.611780,1.197041,132.729684
2020-08-05,2.107231,2.184394,3.894385,88.347465,1.199549,134.875136
2020-08-06,2.193559,2.072876,3.954737,90.470916,1.201618,136.690837
2020-08-07,2.205847,2.065731,3.922678,91.157738,1.205122,136.478690
2020-08-10,2.256447,2.041281,3.917025,91.220629,1.208509,132.630210
2020-08-11,2.240153,1.963610,3.909184,90.772736,1.202590,133.329273
2020-08-12,2.193070,1.996471,3.845410,89.586836,1.208559,135.748898
2020-08-13,2.156067,1.979537,3.833249,89.384725,1.215631,137.765474
2020-08-14,2.130008,1.928253,3.901135,90.295040,1.216762,138.528537
2020-08-17,2.232469,1.905839,3.913797,89.950020,1.207706,136.640048
2020-08-18,2.201776,1.972937,3.847239,89.209543,1.207013,135.833156
2020-08-19,2.245901,2.014007,3.770458,88.584548,1.208187,138.968927
2020-08-20,2.211486,2.014599,3.855015,89.638657,1.201292,136.712471
2020-08-21,2.259761,2.056392,3.851479,90.990152,1.199131,134.908800
2020-08-24,2.283245,2.000116,3.820103,89.736921,1.190711,136.467795
2020-08-25,2.282263,2.009696,3.807523,88.535872,1.194332,135.813262
2020-08-26,2.286500,2.025560,3.734827,88.770710,1.195323,133.964321
2020-08-27,2.263088,2.007417,3.807443,90.545168,1.185527,136.469432
2020-08-28,2.289309,2.039137,3.788960,91.773539,1.187613,137.242427
2020-08-31,2.274878,2.003857,3.858575,89.696102,1.187277,136.659121
2020-09-01,2.225826,2.039682,3.862123,89.035409,1.190347,134.859290
2020-09-02,2.174615,2.077675,3.934551,87.519784,1.188019,138.186548
2020-09-03,2.188883,1.924721,3.948047,86.934680,1.183267,138.165559
2020-09-04,2.266387,1.998289,3.991317,88.830430,1.178715,140.419628
2020-09-07,2.279721,1.838476,4.027706,86.682254,1.175548,141.845246
2020-09-08,2.280463,1.813039,4.059160,84.399336,1.175659,140.993351
2020-09-09,2.299404,1.877981,4.076720,83.223123,1.176529,140.162712
2020-09-10,2.364176,1.868818,4.065171,83.483577,1.175407,142.475188
2020-09-11,2.379792,1.796503,4.161082,84.156870,1.172922,144.790464
2020-09-14,2.366981,1.744961,4.115491,84.582264,1.170863,141.739494
2020-09-15,2.422496,1.810261,4.115644,85.943400,1.185636,142.601747
2020-09-16,2.447300,1.713137,4.116326,83.520557,1.181076,142.381786
2020-09-17,2.521820,1.784179,4.136382,84.912886,1.177786,140.704651
2020-09-18,2.535178,1.789812,4.114763,84.365323,1.197344,141.116399
2020-09-21,2.485136,1.732871,4.130442,85.160267,1.199867,138.945880
2020-09-22,2.428828,1.709668,4.121878,83.329976,1.191616,138.210092
2020-09-23,2.508605,1.662682,4.042693,83.234276,1.196648,136.950433
2020-09-24,2.591335,1.719474,4.043399,83.430531,1.191215,136.181263
2020-09-25,2.588092,1.768679,3.988598,84.782653,1.196642,136.105085
2020-09-28,2.575696,1.682851,3.902324,82.646312,1.195380,134.519127
2020-09-29,2.646358,1.669722,3.909958,82.603759,1.192755,137.091023
2020-09-30,2.601156,1.631368,3.935113,81.191925,1.202390,137.909365
2020-10-01,2.565688,1.711785,3.962107,81.773609,1.205800,140.801573
2020-10-02,2.599575,1.646483,3.991017,82.678118,1.211680,140.537429
2020-10-05,2.586620,1.743929,3.894824,84.206716,1.214318,139.653991
2020-10-06,2.591243,1.750923,3.827593,83.405295,1.211623,142.470916
2020-10-07,2.588723,1.695812,3.927359,84.467736,1.215332,141.521311
2020-10-08,2.608759,1.667579,3.875689,86.069308,1.222702,141.220831
2020-10-09,2.676860,1.632620,3.907129,83.789725,1.223526,142.360698
2020-10-12,2.685429,1.571785,3.873553,84.445558,1.234598,140.356730
2020-10-13,2.718865,1.586514,3.878443,85.529582,1.239859,141.491234
2020-10-14,2.630932,1.528432,3.847666,85.027636,1.241174,142.409677
2020-10-15,2.633416,1.418198,3.876752,83.344802,1.242736,144.416501
2020-10-16,2.600137,1.407443,3.884484,84.428227,1.243589,145.796407
2020-10-19,2.550089,1.318456,3.862932,82.788809,1.235833,147.818408
2020-10-20,2.515572,1.287614,3.811371,82.482788,1.235276,147.563549
2020-10-21,2.505674,1.248263,3.825915,82.357612,1.236643,146.107641
2020-10-22,2.552067,1.211153,3.766375,83.173820,1.234073,149.422542
2020-10-23,2.497371,1.332161,3.789084,82.299578,1.236159,146.885603
2020-10-26,2.503960,1.345735,3.921652,81.389563,1.236290,144.534326
2020-10-27,2.487357,1.369648,3.989873,81.468314,1.241082,145.393188
2020-10-28,2.477862,1.282267,4.026231,82.662363,1.245204,147.939234
2020-10-29,2.528275,1.256970,4.022246,85.463896,1.246245,148.163123
2020-10-30,2.557577,1.279584,3.925619,83.387613,1.237755,149.680377
2020-11-02,2.622729,1.233916,3.860203,83.678804,1.248887,146.390289
2020-11-03,2.620486,1.294724,3.925301,82.215094,1.248001,145.527114
2020-11-04,2.593886,1.239197,3.886512,83.412795,1.247496,142.473527
2020-11-05,2.588637,1.234290,3.852404,82.143711,1.245362,143.697449
2020-11-06,2.604395,1.212920,3.845112,81.252148,1.242324,141.184904
2020-11-09,2.617123,1.232906,3.793029,80.499605,1.251952,139.128545
2020-11-10,2.573057,1.208547,3.732918,80.392631,1.260659,139.959700
2020-11-11,2.582037,1.204614,3.731863,80.771454,1.263463,141.659022
2020-11-12,2.597179,1.202608,3.688759,81.336203,1.262784,141.388083
2020-11-13,2.715277,1.173207,3.653353,81.288761,1.266699,142.286478
2020-11-16,2.804074,1.210994,3.616080,79.645057,1.267167,143.124074
2020-11-17,2.769661,1.235061,3.644134,80.530030,1.265962,142.748151
2020-11-18,2.760851,1.241047,3.634351,80.450145,1.268104,140.969140
2020-11-19,2.699152,1.228208,3.627285,81.850578,1.265310,141.863275
2020-11-20,2.676974,1.282905,3.659023,80.930699,1.266907,142.825595
2020-11-23,2.695668,1.280603,3.653685,78.981378,1.268201,144.227779
2020-11-24,2.754349,1.274412,3.641558,78.971431,1.272030,144.684807
2020-11-25,2.725723,1.290872,3.666914,80.552863,1.268099,142.768359
2020-11-26,2.700583,1.394821,3.702056,80.730882,1.272609,143.845220
2020-11-27,2.608353,1.331322,3.696294,80.467494,1.266855,143.804558
2020-11-30,2.605800,1.384139,3.701939,79.409919,1.263234,142.994132
2020-12-01,2.562768,1.290278,3.664442,81.549638,1.259897,142.492774
2020-12-02,2.543892,1.312867,3.623150,80.253654,1.253162,141.363434
2020-12-03,2.509458,1.410045,3.663515,79.377615,1.259542,142.771950
2020-12-04,2.510378,1.447082,3.687508,80.078005,1.253454,140.475247
2020-12-07,2.436439,1.466478,3.711923,77.877079,1.249081,138.880917
2020-12-08,2.375876,1.445587,3.727518,79.444399,1.256947,138.366071
2020-12-09,2.477388,1.457312,3.731318,80.208489,1.253366,140.964412
2020-12-10,2.424745,1.453419,3.767613,81.291361,1.252187,142.641617
2020-12-11,2.380891,1.420177,3.815698,81.935398,1.245867,139.989855
2020-12-14,2.469228,1.414353,3.862397,81.679016,1.251067,142.152112
2020-12-15,2.605279,1.435407,3.858309,80.336718,1.256374,144.289663
2020-12-16,2.557338,1.403268,3.928625,80.157996,1.261025,142.368353
2020-12-17,2.545737,1.369110,3.940733,78.989261,1.264419,138.310337
2020-12-18,2.566124,1.304620,3.972989,79.597738,1.264884,138.211679
2020-12-21,2.648851,1.336691,3.987602,80.579043,1.261572,140.025441
2020-12-22,2.609047,1.377137,4.000402,82.366135,1.256442,142.571206
2020-12-23,2.602773,1.400170,3.964012,82.754340,1.264571,141.152170
2020-12-24,2.642542,1.463454,3.999624,83.824857,1.269416,143.943815
2020-12-25,2.666737,1.478233,4.142290,83.335225,1.265024,140.339685
2020-12-28,2.654343,1.509680,4.123381,82.638183,1.265276,139.747407
2020-12-29,2.652903,1.536153,4.126838,83.146454,1.263378,139.082396
2020-12-30,2.595621,1.540773,4.104420,82.570226,1.256272,140.935311
2020-12-31,2.589721,1.521215,4.080001,82.825689,1.257388,143.003242
2021-01-01,2.582575,1.652709,4.157304,81.432873,1.254779,144.499967
2021-01-04,2.597892,1.637040,4.123426,80.320272,1.248817,142.294088
2021-01-05,2.577711,1.609669,4.099628,81.079757,1.239615,143.651337
2021-01-06,2.603819,1.642901,4.020255,82.132309,1.229960,144.429291
2021-01-07,2.654176,1.665981,3.982693,80.863091,1.227678,141.711023
2021-01-08,2.665754,1.597854,3.897743,81.654324,1.227156,138.386691
2021-01-11,2.686120,1.669010,3.930142,80.954697,1.221797,140.063607
2021-01-12,2.692967,1.672953,4.070806,80.945929,1.225779,139.774812
2021-01-13,2.697399,1.620960,4.052589,82.655627,1.225377,137.720772
2021-01-14,2.669340,1.695659,3.969441,83.580942,1.228917,137.410489
2021-01-15,2.688104,1.739089,4.014963,84.473674,1.227793,138.018850
2021-01-18,2.688174,1.678383,3.978957,86.785486,1.222971,137.906100
2021-01-19,2.786814,1.785214,4.044408,85.664527,1.223669,135.443861
2021-01-20,2.861668,1.830107,4.030529,84.233974,1.215968,138.506314
2021-01-21,2.882784,1.838026,3.999216,83.197670,1.219252,140.127999
2021-01-22,2.852115,1.933936,3.990722,82.783275,1.213552,139.590115
2021-01-25,2.805848,1.950761,4.029048,79.828598,1.219136,139.122063
2021-01-26,2.863427,1.957214,4.017960,79.585724,1.217075,139.706022
2021-01-27,2.878997,1.928868,3.993452,78.950567,1.223558,137.901567
2021-01-28,2.904287,1.968955,3.983937,79.915871,1.216709,138.438834
2021-01-29,2.829363,2.003092,3.920808,80.341984,1.212593,136.325274
2021-02-01,2.874981,2.011687,3.941377,79.611129,1.214905,136.249166
2021-02-02,2.899130,1.975991,3.852675,80.330510,1.222036,134.416960
2021-02-03,2.852764,1.991033,3.831458,81.196712,1.232262,132.683856
2021-02-04,2.835334,1.995030,3.870502,80.230290,1.232517,135.390174
2021-02-05,2.851060,1.929509,3.886572,79.632279,1.243894,135.531034
2021-02-08,2.857217,1.856641,3.916942,77.028639,1.242094,135.907574
2021-02-09,2.847840,1.896098,3.914422,75.864805,1.248936,132.730290
2021-02-10,2.846992,1.761210,3.973651,75.144133,1.243067,131.847784
2021-02-11,2.839465,1.781263,4.020392,75.369229,1.245681,132.667246
2021-02-12,2.850172,1.763643,4.043017,74.441023,1.231181,133.051192
2021-02-15,2.920189,1.844342,4.089622,74.029672,1.224296,129.674232
2021-02-16,2.808209,1.825624,4.127185,72.850751,1.227156,130.108910
2021-02-17,2.801517,1.870393,4.105103,73.243387,1.219130,130.794315
2021-02-18,2.813454,1.856881,4.037888,73.907983,1.221735,132.940391
2021-02-19,2.830720,1.871510,4.059154,74.532293,1.227285,131.962618
2021-02-22,2.817861,1.920350,4.086622,74.704605,1.224212,128.455681
2021-02-23,2.742737,1.903028,4.141199,73.147664,1.218296,126.976291
2021-02-24,2.761726,1.966026,4.094218,72.665541,1.215411,125.351224
2021-02-25,2.843610,1.919309,4.048920,72.431585,1.209555,126.676446
2021-02-26,2.778412,1.943634,4.072119,72.209712,1.208944,122.462903
2021-03-01,2.821370,2.002405,4.068673,72.513506,1.209561,121.920904
2021-03-02,2.810501,2.046497,3.974510,74.299452,1.207712,124.382968
2021-03-03,2.811700,2.159516,3.993767,75.377039,1.217865,124.550678
2021-03-04,2.768273,2.124688,3.901571,74.401467,1.213492,126.139278
2021-03-05,2.757349,2.056137,3.855102,75.326216,1.221964,123.651008
2021-03-08,2.820022,2.009024,3.923665,76.190647,1.215619,121.251315
2021-03-09,2.850161,2.053112,4.015615,75.385228,1.216061,123.738390
2021-03-10,2.931914,2.088085,3.955169,76.487459,1.223276,124.062950
2021-03-11,2.988370,2.101157,3.939279,76.406528,1.230215,124.387560
2021-03-12,3.011376,2.046790,3.942053,74.910764,1.227633,122.754640
2021-03-15,3.093007,2.096580,4.031746,75.572881,1.231045,123.088344
2021-03-16,3.115590,2.036635,4.007376,75.948828,1.233640,121.423960
2021-03-17,3.155587,2.108031,3.983902,75.807986,1.230314,123.508714
2021-03-18,3.144819,2.272558,4.061803,75.887846,1.234109,128.038156
2021-03-19,3.150434,2.299422,4.043216,75.192640,1.245655,128.932080
2021-03-22,3.121648,2.338096,4.079553,76.025173,1.248597,128.026845
2021-03-23,3.168893,2.317436,4.005778,76.091884,1.252137,124.092723
2021-03-24,3.118394,2.224404,3.997593,76.396807,1.256353,121.556653
2021-03-25,3.156326,2.198157,3.915023,76.913437,1.247209,124.228865
2021-03-26,3.150321,2.145055,3.862991,75.682140,1.250082,122.739870
2021-03-29,3.205626,2.072690,3.905899,74.798100,1.243743,122.319135
2021-03-30,3.241793,2.174929,3.904181,72.505349,1.240080,123.544466
2021-03-31,3.325955,2.197037,3.889009,73.338262,1.253557,126.080685
2021-04-01,3.360736,2.224931,3.852415,72.204880,1.251971,125.900539
2021-04-02,3.291751,2.214835,3.842373,72.571462,1.247346,125.394066
2021-04-05,3.290771,2.212268,3.858459,73.190104,1.254555,125.654719
2021-04-06,3.240068,2.272269,3.908571,74.051775,1.248625,124.793952
2021-04-07,3.218985,2.277202,3.778079,72.895151,1.245835,124.027901
2021-04-08,3.289314,2.313081,3.737779,73.027409,1.253640,124.846630
2021-04-09,3.320046,2.308849,3.747182,75.085299,1.253908,125.294631
2021-04-12,3.290514,2.296595,3.743651,77.187812,1.244155,128.852253
2021-04-13,3.246935,2.225828,3.765245,78.423605,1.247544,129.665888
2021-04-14,3.250622,2.123949,3.779961,78.868698,1.245073,131.611062
2021-04-15,3.198074,2.116867,3.765998,77.721746,1.254696,129.980895
2021-04-16,3.170281,2.127307,3.740991,78.632190,1.250899,130.921338
2021-04-19,3.186840,2.063860,3.730152,78.486623,1.257492,129.855355
2021-04-20,3.241282,2.069509,3.789068,79.194676,1.268706,130.589526
2021-04-21,3.270911,2.079987,3.753712,78.470280,1.263319,131.785254
2021-04-22,3.169919,1.968887,3.751957,78.312337,1.262099,131.947192
2021-04-23,3.186136,1.926479,3.762516,78.555628,1.264554,135.879441
2021-04-26,3.191833,1.956973,3.841883,78.889471,1.259145,138.205414
2021-04-27,3.212891,1.986233,3.827900,79.509219,1.260848,140.106953
2021-04-28,3.287969,1.930636,3.876929,78.835993,1.259431,141.328741
2021-04-29,3.197171,1.947428,3.939420,77.297383,1.257889,144.136831
2021-04-30,3.172983,2.011671,3.936875,79.286104,1.258196,141.796312
2021-05-03,3.202081,2.062163,3.926992,82.324652,1.258645,143.970802
2021-05-04,3.133301,2.064474,3.911231,82.807828,1.259677,142.345103
2021-05-05,3.202386,2.046277,3.899195,81.095529,1.255911,141.418709
2021-05-06,3.221352,2.019278,3.942710,80.127721,1.252429,142.302750
2021-05-07,3.261763,2.052731,3.954890,80.738116,1.251687,144.252875
2021-05-10,3.238224,2.071051,3.967235,82.356055,1.251407,142.364623
2021-05-11,3.277090,2.113184,3.911504,80.800881,1.248664,141.520905
2021-05-12,3.327263,2.127784,3.863884,80.626231,1.250688,141.661748
2021-05-13,3.339634,2.180105,3.972001,80.844624,1.239391,141.346945
2021-05-14,3.352023,2.192387,3.963621,81.874100,1.234872,142.699926
2021-05-17,3.365980,2.242576,3.925428,81.396641,1.233145,148.170411
2021-05-18,3.328866,2.297301,3.997682,79.468249,1.227878,148.759620
2021-05-19,3.324112,2.259663,4.012181,80.228242,1.237921,147.495710
2021-05-20,3.319152,2.166976,4.041440,81.586358,1.238038,145.346339
2021-05-21,3.338328,2.259000,4.034772,81.437360,1.239132,144.772470
2021-05-24,3.385167,2.279880,4.019099,81.890133,1.236142,143.220345
2021-05-25,3.339192,2.192264,4.010944,81.252418,1.236045,143.936222
2021-05-26,3.335410,2.160035,3.942163,80.190734,1.228557,144.620094
2021-05-27,3.403934,2.209648,3.938398,81.429117,1.227514,143.832824
2021-05-28,3.372056,2.201227,3.953846,81.860303,1.221777,146.970424
2021-05-31,3.336767,2.180059,4.046954,82.407798,1.220083,145.724004
2021-06-01,3.347724,2.264187,4.051466,84.210717,1.204566,145.475674
2021-06-02,3.387530,2.213330,3.934951,82.761311,1.197791,146.443577
2021-06-03,3.389694,2.176378,3.930912,81.995329,1.206591,147.806430
2021-06-04,3.451139,2.195099,4.068564,82.129084,1.211611,149.772488
2021-06-07,3.491090,2.223593,4.112008,81.372676,1.219628,150.360357
2021-06-08,3.530207,2.257798,4.071415,82.292190,1.228120,151.938214
2021-06-09,3.556222,2.314685,4.101085,81.991676,1.232260,150.754659
2021-06-10,3.661941,2.332148,4.063980,80.720454,1.229473,152.116043
2021-06-11,3.653261,2.365535,3.996434,80.778401,1.223113,153.442449
2021-06-14,3.563690,2.357617,3.979430,80.961538,1.230146,155.728644
2021-06-15,3.636826,2.367435,3.984488,82.075209,1.230543,152.901860
2021-06-16,3.616882,2.379679,3.891342,82.497241,1.245984,151.321348
2021-06-17,3.622470,2.397791,3.834719,82.993301,1.243712,152.525160
2021-06-18,3.682109,2.446489,3.836297,83.301143,1.256041,148.157725
2021-06-21,3.610479,2.483036,3.816943,82.965583,1.255057,148.863358
2021-06-22,3.554913,2.491336,3.837816,81.989452,1.263469,150.470411
2021-06-23,3.483836,2.452669,3.778131,82.284788,1.274233,149.443507
2021-06-24,3.449365,2.462380,3.815124,81.805510,1.267732,148.660768
2021-06-25,3.470551,2.466790,3.757076,83.849405,1.264662,146.855540
2021-06-28,3.495457,2.483348,3.840584,85.434095,1.258147,145.952510
2021-06-29,3.509108,2.610573,3.755834,86.079070,1.250433,145.104875
2021-06-30,3.446697,2.587123,3.702583,86.379131,1.254611,143.961280
2021-07-01,3.344155,2.615801,3.725041,86.066920,1.253378,142.741382
2021-07-02,3.348425,2.679903,3.809753,84.269106,1.253706,142.280361
2021-07-05,3.329001,2.690373,3.826666,83.865395,1.257198,141.804590
2021-07-06,3.351557,2.823993,3.855902,83.874236,1.245577,144.785155
2021-07-07,3.384939,2.807705,3.857755,84.044093,1.253616,144.106608
2021-07-08,3.392820,2.830099,3.807404,84.512983,1.251430,144.616182
2021-07-09,3.428655,2.790645,3.784068,85.548098,1.254766,143.647007
2021-07-12,3.440455,2.775948,3.724736,84.494369,1.258666,142.667184
2021-07-13,3.465746,2.794336,3.662302,83.496024,1.267323,139.913519
2021-07-14,3.435373,2.845505,3.684140,85.223626,1.266658,137.400198
2021-07-15,3.428749,2.867473,3.629644,86.051491,1.253280,135.494999
2021-07-16,3.439088,2.941055,3.647504,85.361631,1.253638,135.833964
2021-07-19,3.477456,2.939867,3.584222,85.058771,1.254897,137.597502
2021-07-20,3.461028,2.925639,3.601105,84.771742,1.248424,134.762864
2021-07-21,3.485836,3.078455,3.578666,84.664620,1.249345,133.936712
2021-07-22,3.475130,3.103625,3.651082,85.122204,1.247092,131.810320
2021-07-23,3.471140,3.067439,3.669064,88.256819,1.238747,131.469373
2021-07-26,3.509784,3.032784,3.732577,88.247961,1.242913,133.275911
2021-07-27,3.421257,2.984606,3.696264,88.867442,1.239415,132.628140
2021-07-28,3.364431,3.039979,3.700686,86.374726,1.236899,132.625831
2021-07-29,3.299475,3.023578,3.653229,85.551759,1.234041,135.027939
2021-07-30,3.196464,3.034289,3.634336,86.968061,1.241688,135.810301
2021-08-02,3.168356,3.034458,3.623093,87.275540,1.241434,134.636051
2021-08-03,3.204607,3.078353,3.588708,81.501564,1.241925,134.943955
2021-08-04,3.194169,3.035268,3.529978,82.283837,1.239192,133.670437
2021-08-05,3.205493,2.979771,3.461582,84.614252,1.242063,134.406504
2021-08-06,3.256886,2.995988,3.347149,81.980533,1.250471,135.286983
2021-08-09,3.318804,3.032857,3.297343,83.808881,1.254528,133.146657
2021-08-10,3.317618,3.054815,3.331928,80.283512,1.258844,133.495430
2021-08-11,3.380459,3.013876,3.255075,81.412443,1.262666,133.372358
2021-08-12,3.386283,3.054882,3.190049,81.359154,1.253982,134.310119
2021-08-13,3.350255,3.017550,3.283234,78.501551,1.248501,135.697173
2021-08-16,3.325305,2.992595,3.254676,79.073492,1.247222,136.504120
2021-08-17,3.260580,2.944507,3.274110,80.478476,1.242703,136.053970
2021-08-18,3.222772,3.020093,3.309529,80.904478,1.236107,137.586758
2021-08-19,3.208970,3.058651,3.345817,81.589805,1.224589,136.213990
2021-08-20,3.247495,3.095491,3.272718,81.039674,1.216372,134.139015
2021-08-23,3.327140,3.167505,3.264474,78.777753,1.214813,129.085166
2021-08-24,3.266833,3.325331,3.186905,79.636336,1.214392,129.082089
2021-08-25,3.286643,3.233822,3.312873,81.765342,1.209586,127.876794
2021-08-26,3.241872,3.196076,3.236278,83.108117,1.210063,128.634433
2021-08-27,3.265466,3.165202,3.187341,80.574382,1.207441,125.594125
2021-08-30,3.261705,3.121546,3.138962,78.747200,1.214043,124.702698
2021-08-31,3.181468,3.065593,3.067973,77.791076,1.213063,125.608103
2021-09-01,3.225715,3.052650,3.139730,76.018147,1.217293,124.104284
2021-09-02,3.200787,2.989326,3.264694,76.185151,1.218531,124.918052
2021-09-03,3.179159,3.011596,3.244248,76.748482,1.210018,124.177635
2021-09-06,3.133503,3.018193,3.181650,75.213039,1.209470,124.283366
2021-09-07,3.106726,3.048377,3.073477,76.235909,1.202021,125.392785
2021-09-08,3.128755,3.079909,3.065377,77.037705,1.201371,127.063332
2021-09-09,3.122924,3.116554,3.053698,76.493406,1.196904,127.340687
2021-09-10,3.140422,3.099351,3.025318,76.398371,1.199192,126.164863
2021-09-13,3.159346,3.219416,3.040685,74.298912,1.191170,125.570352
2021-09-14,3.221339,3.235232,3.064681,74.093684,1.191257,126.733778
2021-09-15,3.208228,3.135655,3.084977,74.272588,1.194672,125.232434
2021-09-16,3.144137,3.083781,3.073231,74.626950,1.200106,125.095203
2021-09-17,3.194785,2.991518,3.022257,75.208978,1.195529,124.626837
2021-09-20,3.182289,2.996306,3.059859,75.625000,1.195635,124.615189
2021-09-21,3.234916,2.993421,3.064646,75.452925,1.196736,123.154185
2021-09-22,3.254429,2.971484,3.113205,75.910681,1.206030,120.359533
2021-09-23,3.250710,3.085999,3.156656,77.181668,1.197130,121.389125
2021-09-24,3.268602,3.119649,3.089341,77.154155,1.191689,123.117844
2021-09-27,3.358523,3.162906,3.021673,77.606873,1.208517,120.419186
2021-09-28,3.453753,3.114845,2.988209,77.460997,1.206868,121.205276
2021-09-29,3.458260,3.063233,2.939843,76.787412,1.195511,123.126316
2021-09-30,3.466836,3.068804,2.982246,77.487257,1.192034,124.248510
2021-10-01,3.516599,3.081845,3.004282,76.918199,1.175644,123.739353
2021-10-04,3.479678,2.983220,3.063625,77.456247,1.177061,122.392365
2021-10-05,3.495948,2.977170,3.087594,77.564237,1.181837,122.698007
2021-10-06,3.496000,2.981836,3.102076,77.283080,1.176462,123.267483
2021-10-07,3.511342,2.973875,3.166055,76.983372,1.173696,123.588100
2021-10-08,3.474995,2.933043,3.193277,76.486997,1.179129,123.464003
2021-10-11,3.404764,2.907436,3.200309,74.722475,1.168856,121.897121
2021-10-12,3.313061,2.901879,3.277930,75.306896,1.161157,122.754451
2021-10-13,3.264726,2.911066,3.286977,75.706086,1.159834,123.680273
2021-10-14,3.246227,2.948485,3.275013,76.804148,1.155479,124.164786
2021-10-15,3.235249,3.011938,3.236421,76.287557,1.153783,124.500728
2021-10-18,3.324683,2.999501,3.275027,78.599560,1.146515,127.342520
2021-10-19,3.376354,2.978215,3.340179,78.194544,1.147744,126.470089
2021-10-20,3.334755,3.006173,3.340689,77.227687,1.146888,128.655684
2021-10-21,3.352262,3.043545,3.409122,76.165669,1.150042,127.594688
2021-10-22,3.335735,3.023290,3.313385,74.319655,1.151195,129.493062
2021-10-25,3.324795,3.070468,3.313759,76.216228,1.152385,131.571519
2021-10-26,3.335036,3.127863,3.314899,77.913091,1.144082,131.186922
2021-10-27,3.364759,3.202195,3.281690,78.680720,1.146903,133.932594
2021-10-28,3.351233,3.302994,3.404156,77.668958,1.145007,134.743725
2021-10-29,3.400901,3.257929,3.403630,79.878906,1.144054,133.392652
2021-11-01,3.351110,3.261461,3.386029,79.462203,1.150066,132.860075
2021-11-02,3.353191,3.264836,3.390183,79.158204,1.145936,134.743894
2021-11-03,3.471874,3.262182,3.292881,80.908968,1.153704,136.273359
2021-11-04,3.483225,3.229224,3.258116,81.684918,1.162067,134.617761
2021-11-05,3.548987,3.150401,3.310646,84.374114,1.166449,134.448771
2021-11-08,3.554109,3.158697,3.282356,84.554345,1.160744,134.829920
2021-11-09,3.581228,3.119603,3.244183,83.912783,1.148124,134.069454
2021-11-10,3.579547,3.127654,3.313082,83.027207,1.154334,137.901239
2021-11-11,3.572761,3.087271,3.383243,80.668580,1.154977,138.296088
2021-11-12,3.538593,3.030241,3.411959,80.312120,1.150682,138.214228
2021-11-15,3.559002,3.046806,3.391956,81.693352,1.157454,140.137447
2021-11-16,3.521647,3.058720,3.382814,82.378688,1.152478,139.551731
2021-11-17,3.552712,3.094145,3.345476,82.331385,1.150037,141.168098
2021-11-18,3.602539,3.217791,3.298755,81.041923,1.153059,138.488045
2021-11-19,3.619823,3.235971,3.249739,81.286625,1.146657,137.777318
2021-11-22,3.607662,3.265507,3.222237,82.491483,1.146029,139.478058
2021-11-23,3.628860,3.208979,3.174012,82.949815,1.152287,141.995594
2021-11-24,3.615654,3.141163,3.099531,83.067251,1.153504,140.738365
2021-11-25,3.658491,3.231454,3.114503,81.987554,1.160721,139.307266
2021-11-26,3.576644,3.183537,3.130175,82.999863,1.167319,140.222108
2021-11-29,3.562435,3.129186,3.219094,79.103412,1.167364,139.223033
2021-11-30,3.473799,3.130318,3.189201,79.585890,1.153804,138.801078
2021-12-01,3.407826,3.128637,3.207649,82.727109,1.147442,140.215315
2021-12-02,3.470768,3.082284,3.226854,80.795084,1.151830,139.342598
2021-12-03,3.512369,3.068982,3.217655,80.479210,1.142937,136.204491
2021-12-06,3.481143,3.140121,3.258401,80.455245,1.141071,134.160711
2021-12-07,3.414805,3.099031,3.300528,79.885318,1.143004,134.235033
2021-12-08,3.282942,3.025783,3.320097,81.140380,1.151434,131.311206
2021-12-09,3.260553,3.081323,3.310435,81.682753,1.148128,130.922637
2021-12-10,3.371630,3.111874,3.295716,81.818461,1.144440,128.786056
2021-12-13,3.392913,3.081098,3.230546,82.746995,1.144140,131.522098
2021-12-14,3.369361,2.997554,3.193728,82.684001,1.146149,135.071105
2021-12-15,3.392012,2.960409,3.166252,86.637618,1.145265,133.427279
2021-12-16,3.323401,2.961359,3.113789,86.627134,1.151290,133.903820
2021-12-17,3.311928,3.029426,3.139730,86.674067,1.146698,132.428136
2021-12-20,3.318356,2.976096,3.203402,84.275725,1.147388,132.008949
2021-12-21,3.316408,2.975343,3.161586,83.461053,1.149945,134.974411
2021-12-22,3.353929,3.016375,3.179511,84.802087,1.147646,134.277965
2021-12-23,3.371222,2.889139,3.131488,82.975011,1.152474,133.877525
2021-12-24,3.403012,2.950241,3.120116,80.244703,1.153333,132.430703
2021-12-27,3.373623,2.889205,3.089519,80.276254,1.157891,134.340299
2021-12-28,3.415730,2.911708,3.123655,81.935439,1.159015,129.175669
2021-12-29,3.490570,2.929429,3.093621,81.928767,1.161199,128.575437
2021-12-30,3.448151,2.993163,3.148230,81.458493,1.157533,128.616265
2021-12-31,3.409612,3.027292,3.139751,79.176083,1.153888,127.672379
2022-01-03,3.471284,2.900232,3.111112,79.739786,1.160974,129.177328
2022-01-04,3.463988,2.861268,3.052402,80.542543,1.164668,131.208798
2022-01-05,3.528504,2.873224,3.069253,78.402575,1.158727,129.037447
2022-01-06,3.509676,2.866807,3.118137,79.796517,1.159775,132.496651
2022-01-07,3.576314,2.897409,3.135730,80.724465,1.146091,130.294470
2022-01-10,3.583126,2.945034,3.251529,82.085056,1.142807,132.453335
2022-01-11,3.595614,2.982519,3.326412,82.742798,1.148311,132.768526
2022-01-12,3.666844,2.974604,3.314130,83.473641,1.147593,132.034919
2022-01-13,3.651096,2.876957,3.301372,84.020985,1.148270,131.459582
2022-01-14,3.609342,2.856197,3.328051,84.997554,1.131082,131.491366
2022-01-17,3.589919,2.883473,3.289238,82.559829,1.128866,131.909921
2022-01-18,3.611114,2.827764,3.350796,80.645455,1.130776,130.518575
2022-01-19,3.541411,2.866973,3.371873,79.740790,1.133410,130.239085
2022-01-20,3.571131,2.921267,3.387608,79.593411,1.138877,129.103618
2022-01-21,3.547802,2.932360,3.424805,80.070398,1.137680,127.268502
2022-01-24,3.600462,2.767922,3.513648,80.459187,1.136738,126.088119
2022-01-25,3.493519,2.702356,3.524541,81.804720,1.129192,124.387278
2022-01-26,3.459349,2.811087,3.521191,83.170534,1.128038,123.871157
2022-01-27,3.384821,2.785583,3.598942,81.993613,1.120945,124.724406
2022-01-28,3.349301,2.681113,3.649324,82.226822,1.110636,125.070298
2022-01-31,3.362249,2.754127,3.635077,81.120884,1.104626,128.378547
2022-02-01,3.339804,2.761114,3.637715,80.403033,1.119727,117.884587
2022-02-02,3.307439,2.948185,3.668871,81.563492,1.117004,120.358578
2022-02-03,3.287919,2.997890,3.724868,69.924008,1.119216,120.585809
2022-02-04,3.317425,3.077361,3.522878,78.253501,1.114056,124.695169
2022-02-07,3.183203,3.140748,3.293814,80.326867,1.096247,128.287250
2022-02-08,3.281095,3.259070,3.163930,78.192613,1.105522,127.612417
2022-02-09,3.372630,3.637610,3.022964,85.335655,1.084119,128.565019
2022-02-10,3.426320,3.799076,2.930698,83.849287,1.078719,125.107837
2022-02-11,3.502947,3.538924,3.030582,84.231969,1.078189,128.202422
2022-02-14,3.544151,3.614267,3.009520,82.278339,1.080428,119.301793
2022-02-15,3.819910,3.803954,3.043341,88.553339,1.073387,123.237542
2022-02-16,3.808072,4.002984,2.863923,87.867800,1.055778,123.293934
2022-02-17,3.766584,3.932382,2.799621,88.212263,1.048193,121.123097
2022-02-18,3.664991,4.124669,2.892911,92.849937,1.041153,120.195706
2022-02-21,3.526176,4.277047,2.986982,94.902224,1.033934,119.629607
2022-02-22,3.359267,4.700205,2.882748,94.186501,1.043000,126.060369
2022-02-23,3.241043,4.573454,2.911866,98.528609,1.031670,141.720535
2022-02-24,3.233737,4.487239,3.246446,109.763614,1.034469,147.558710
2022-02-25,3.281132,4.434580,3.247221,110.291128,1.035944,144.769559
2022-02-28,3.290111,4.351755,3.146654,109.809252,1.044937,147.744816
2022-03-01,3.188804,4.203295,3.124403,109.609216,1.043686,150.899348
2022-03-02,3.312773,3.746440,3.142132,115.173990,1.051144,146.349583
2022-03-03,3.414543,3.675529,3.123288,110.890976,1.049516,140.234251
2022-03-04,3.394532,3.737571,3.122491,108.443316,1.053627,139.928160
2022-03-07,3.308010,3.657039,2.909884,100.275023,1.039471,143.805875
2022-03-08,3.384016,3.977549,2.770250,94.430668,1.015080,136.031136
2022-03-09,3.411056,3.979645,2.753169,91.797927,1.018535,132.610515
2022-03-10,3.217115,4.192547,2.733766,91.190038,1.022495,135.433138
2022-03-11,3.210269,4.234711,2.654303,98.359274,1.026880,135.679080
2022-03-14,3.248003,4.369929,2.633534,100.137927,1.022040,142.520403
2022-03-15,3.128752,4.414324,2.648552,95.465919,1.035836,135.720635
2022-03-16,3.157066,4.638316,2.787769,91.900633,1.031557,147.053820
2022-03-17,2.963237,4.644793,2.778137,97.359583,1.035472,139.600918
2022-03-18,3.146969,4.723874,2.843290,101.821074,1.041029,129.864923
2022-03-21,3.318054,4.781223,2.767076,101.215117,1.057257,129.683493
2022-03-22,3.285892,4.730331,2.858222,98.521795,1.054245,124.341255
2022-03-23,3.337015,4.794032,2.919549,102.992095,1.048065,124.311815
2022-03-24,3.013528,5.159330,3.054143,97.746144,1.034029,124.114808
2022-03-25,2.860566,5.109877,3.165346,98.889662,1.048577,123.333944
2022-03-28,2.824664,5.174449,3.257395,108.843929,1.052561,119.457031
2022-03-29,2.683827,5.377085,3.246003,108.844403,1.056862,121.739210
2022-03-30,2.784736,5.559518,3.286160,104.144583,1.086927,120.398600
2022-03-31,3.058432,5.555013,3.448941,105.249545,1.090111,125.892206
2022-04-01,2.902555,5.155334,3.353734,102.202335,1.077409,125.167497
2022-04-04,2.793087,5.235769,3.262458,95.284912,1.075511,120.685514
2022-04-05,2.828900,4.864413,3.293023,97.824275,1.066117,112.777648
2022-04-06,3.050286,5.103295,3.358543,102.252058,1.062325,112.223747
2022-04-07,2.888264,5.126645,3.237893,100.091792,1.058483,106.409327
2022-04-08,2.925531,5.286884,3.230127,97.747757,1.052905,100.265417
2022-04-11,3.174904,5.132688,3.219506,93.047387,1.039785,103.194558
2022-04-12,2.954417,4.871794,2.890736,92.003749,1.054795,95.029796
2022-04-13,2.784855,4.911131,2.862634,89.329222,1.057636,102.258026
2022-04-14,2.731728,4.901742,2.843986,85.074142,1.055492,103.402085
2022-04-15,2.665722,4.816831,2.824966,92.464598,1.062714,103.557619
2022-04-18,2.779960,4.827333,3.042454,94.016852,1.067229,98.955166
2022-04-19,2.816665,5.280450,2.864314,96.003860,1.069880,103.034602
2022-04-20,2.580978,5.412825,2.745563,99.352142,1.076496,103.390312
2022-04-21,2.655435,5.580141,2.359152,102.193476,1.077794,100.463145
2022-04-22,2.582045,5.712870,2.293978,99.577144,1.084315,101.817672
2022-04-25,2.758967,5.949930,2.241855,100.146123,1.091690,94.122125
2022-04-26,2.678407,5.910568,2.172791,98.276591,1.093290,86.731334
2022-04-27,2.596950,5.563690,2.346652,99.618107,1.091123,81.887127
2022-04-28,2.674815,5.526119,2.482758,100.498271,1.106256,84.145987
2022-04-29,2.782311,5.653751,2.500905,98.108832,1.101508,84.688887
2022-05-02,2.846875,5.486919,2.451710,91.848219,1.105394,90.277099
2022-05-03,2.623132,5.451671,2.612231,92.072358,1.109520,86.358376
2022-05-04,2.700474,5.331522,2.615219,90.846039,1.103449,89.653198
2022-05-05,2.565241,5.573831,2.498417,83.119993,1.095456,89.610088
2022-05-06,2.601942,5.690996,2.247386,84.943156,1.091973,85.587370
2022-05-09,2.414530,5.791536,2.188599,88.555016,1.087146,87.980973
2022-05-10,2.480326,5.886734,2.309442,98.924025,1.072973,88.184306
2022-05-11,2.376713,5.872841,2.658085,96.580656,1.066700,85.682691
2022-05-12,2.209251,5.897747,2.673094,93.736334,1.069259,86.427460
2022-05-13,2.311980,5.694400,2.563998,88.748645,1.081511,86.341439
2022-05-16,2.350554,5.326660,2.392397,89.307333,1.086921,86.140322
2022-05-17,2.273465,5.345916,2.482021,89.827055,1.061786,84.698472
2022-05-18,2.475480,5.393791,2.223801,86.306256,1.067932,78.987734
2022-05-19,2.421290,5.587545,2.313857,85.434840,1.062581,79.956731
2022-05-20,2.431139,5.840265,2.443658,78.002603,1.066923,76.704135
2022-05-23,2.472918,6.091753,2.515726,81.384732,1.066787,72.439515
2022-05-24,2.394571,5.918513,2.489114,78.570184,1.064939,71.959760
2022-05-25,2.463797,5.852515,2.580298,78.490201,1.063959,76.163490
2022-05-26,2.397125,5.924160,2.612018,73.651475,1.063745,77.692800
2022-05-27,2.347166,6.334028,2.501251,71.924627,1.076694,75.766389
2022-05-30,2.536934,6.568708,2.785208,71.252461,1.076503,73.666264
2022-05-31,2.401507,6.742933,2.737715,71.464098,1.087072,77.381505
2022-06-01,2.081376,6.667777,2.859527,73.271235,1.096307,66.503359
2022-06-02,2.305727,6.511178,2.501697,78.379486,1.102908,71.065677
2022-06-03,2.655863,6.631103,2.699561,81.056639,1.085316,62.759745
2022-06-06,2.605728,6.438769,2.925477,84.609954,1.096278,56.738189
2022-06-07,2.349032,6.389472,2.934650,90.147376,1.091769,55.102331
2022-06-08,2.312921,6.360776,3.023127,92.157597,1.098825,66.367904
2022-06-09,2.280229,6.613963,3.111212,91.615832,1.089249,75.155838
2022-06-10,2.260668,6.544782,3.018750,95.482865,1.077693,79.195421
2022-06-13,2.116518,6.131927,3.105143,99.675970,1.097034,81.514870
2022-06-14,2.201493,6.206433,2.987828,101.953124,1.087626,73.160792
2022-06-15,2.278695,6.082068,2.900963,94.801033,1.098903,74.581623
2022-06-16,2.083036,6.080574,3.074801,90.814775,1.100075,72.599543
2022-06-17,2.184295,6.057746,3.225100,89.357904,1.095923,69.353535
2022-06-20,2.467870,6.004154,3.122643,92.241851,1.095481,70.803055
2022-06-21,2.496414,6.126343,3.016516,91.760483,1.082728,69.233696
2022-06-22,2.456089,5.864715,2.924011,96.180456,1.082594,74.113997
2022-06-23,2.442294,5.771749,3.038611,101.482446,1.072096,65.480274
2022-06-24,2.530785,5.877328,2.892859,106.347574,1.068287,66.585526
2022-06-27,2.302221,5.768295,2.951194,111.321396,1.077220,63.100004
2022-06-28,2.330405,5.495569,3.067816,105.198065,1.079687,61.902752
2022-06-29,2.283571,5.599698,3.058708,106.628300,1.065381,64.145931
2022-06-30,2.539093,5.778410,3.214383,102.862226,1.073576,59.541394
2022-07-01,2.520623,5.763672,3.172279,94.787882,1.073508,61.134295
2022-07-04,2.750905,5.432878,3.143911,93.094670,1.068282,60.903728
2022-07-05,2.606097,5.543431,3.001149,98.364738,1.075485,58.523874
2022-07-06,2.690152,5.263176,3.158121,99.804782,1.073868,57.079887
2022-07-07,2.737711,5.308875,3.046910,108.568557,1.062661,57.167240
2022-07-08,2.624639,5.157008,3.103588,108.439947,1.080481,54.309952
2022-07-11,2.653288,4.960807,3.096877,119.967703,1.080313,55.200906
2022-07-12,2.821565,4.883848,2.942972,119.468787,1.079522,54.713649
2022-07-13,2.781767,4.849869,2.856234,118.159558,1.075593,52.632356
2022-07-14,2.557425,4.739975,3.068640,110.251384,1.087077,61.137275
2022-07-15,2.560024,4.833951,3.103014,114.791369,1.081954,63.919054
2022-07-18,2.443157,4.756814,2.955630,111.017515,1.067013,62.842845
2022-07-19,2.402369,4.915318,3.006006,106.776834,1.060516,64.314547
2022-07-20,2.396945,4.957850,2.988465,112.138525,1.073255,60.142665
2022-07-21,2.172294,4.838722,3.511018,116.947335,1.081323,58.844734
2022-07-22,1.960691,4.692287,3.556143,121.665455,1.078844,58.119915
2022-07-25,2.033127,4.417481,3.501225,118.202476,1.092261,52.954105
2022-07-26,1.969628,4.463582,3.716624,116.558579,1.099638,55.683864
2022-07-27,1.630709,4.403021,3.442002,114.939913,1.097003,54.100084
2022-07-28,1.745340,4.009796,3.458782,117.772092,1.095366,53.252843
2022-07-29,1.790328,3.921164,3.760511,124.843381,1.098617,51.390459
2022-08-01,1.701994,3.772609,3.744439,125.245473,1.090423,66.480190
2022-08-02,1.532614,4.033305,3.485866,135.057177,1.090467,64.034835
2022-08-03,1.654517,3.752014,3.428935,138.429591,1.093499,54.864837
2022-08-04,1.710262,3.514983,3.649797,134.739839,1.077022,48.036515
2022-08-05,2.040272,3.699868,3.708008,137.689099,1.075189,52.600803
2022-08-08,2.104036,3.924734,3.583748,146.273243,1.072260,59.889768
2022-08-09,2.163160,3.801913,3.483026,157.164953,1.082227,57.418244
2022-08-10,2.147172,3.698211,3.401539,162.462620,1.064410,64.383020
2022-08-11,2.264048,3.800897,3.458513,159.230152,1.060762,68.698821
2022-08-12,2.354579,3.417522,3.661808,154.462251,1.056172,68.502329
2022-08-15,2.529343,3.112555,3.821424,155.420628,1.065338,67.967163
2022-08-16,2.464047,3.069584,3.890941,164.274822,1.064920,69.555669
2022-08-17,2.410611,3.328838,3.692030,163.935811,1.082275,74.471900
2022-08-18,2.351490,3.259427,3.494472,163.760573,1.088744,77.034195
2022-08-19,2.464042,3.278844,3.576882,160.649822,1.084732,74.415173
2022-08-22,2.671666,3.468603,3.377154,155.020268,1.087074,74.234827
2022-08-23,2.614236,3.818165,3.346210,150.869306,1.083616,84.402544
2022-08-24,2.561635,3.723512,3.394848,148.930014,1.092029,86.164344
2022-08-25,2.608989,3.721640,3.227029,157.929305,1.079014,90.875463
2022-08-26,2.580575,4.023193,3.076882,153.079401,1.071045,93.958156
2022-08-29,2.713980,3.771737,3.066856,150.483943,1.075446,95.730692
2022-08-30,2.414334,3.942001,3.146536,142.018808,1.087376,96.695140
2022-08-31,2.308271,3.774011,3.309578,144.169532,1.066039,101.435663
2022-09-01,2.208612,3.791623,3.403798,150.629259,1.079308,105.270789
2022-09-02,1.901730,3.752224,3.417631,159.005713,1.077948,106.884770
2022-09-05,1.779232,3.594943,3.308431,157.194538,1.059825,103.885862
2022-09-06,1.663769,3.434152,3.150962,158.074486,1.031577,106.097686
2022-09-07,1.645164,3.481824,3.078126,153.811126,1.017475,106.115071
2022-09-08,1.804034,3.647960,3.143704,154.450749,1.017295,104.974292
2022-09-09,1.778935,3.627762,3.198023,153.587163,1.016691,118.182674
2022-09-12,1.647859,3.640620,2.886645,151.006502,1.022502,111.013401
2022-09-13,1.648779,3.736101,2.773647,149.076996,1.017458,115.904129
2022-09-14,1.799022,3.576639,2.959629,149.325179,1.007362,112.004267
2022-09-15,1.675272,3.700182,2.976072,144.628225,1.003624,112.913962
2022-09-16,1.560843,3.836373,2.768017,140.539689,1.003927,125.514043
2022-09-19,1.645204,4.266426,3.126718,149.219343,1.006014,121.039531
2022-09-20,1.623915,4.203103,3.126270,165.453504,0.998895,117.754547
2022-09-21,1.720030,4.126507,3.187815,153.345537,1.007032,117.892936
2022-09-22,1.726508,4.252680,3.251392,142.095245,1.001415,114.047365
2022-09-23,1.829526,4.386622,3.199647,133.779319,0.993607,118.550362
2022-09-26,1.697673,4.296586,3.094113,131.120748,0.988769,116.199117
2022-09-27,1.704451,4.228678,3.416388,134.505623,0.998380,119.576372
2022-09-28,1.684390,4.316850,3.569603,135.995936,0.997188,113.400500
2022-09-29,1.528707,4.178831,3.695015,134.888492,0.990974,104.993704
2022-09-30,1.326722,4.110177,3.783078,135.989530,0.999268,104.244639
2022-10-03,1.429192,4.124319,3.633848,129.738059,1.018726,97.073355
2022-10-04,1.391296,4.287952,3.827343,126.472796,1.020650,104.790313
2022-10-05,1.262923,4.186842,3.701963,124.634189,1.032047,97.799353
2022-10-06,1.260087,3.881901,3.746048,114.524931,1.041716,93.240463
2022-10-07,1.422530,3.565935,3.501556,107.530078,1.036053,95.693434
2022-10-10,1.124140,3.359668,3.197821,101.334589,1.036302,93.321953
2022-10-11,0.932797,3.145356,3.249173,104.138385,1.024408,86.500471
2022-10-12,0.819676,3.123064,3.131212,104.464865,1.022521,96.827294
2022-10-13,1.028857,2.930207,2.836712,106.521178,1.016774,92.451179
2022-10-14,1.078091,2.818331,2.922856,97.219357,1.013094,91.984630
2022-10-17,1.192566,2.695134,3.245577,90.410557,1.006280,91.460659
2022-10-18,1.049074,2.627469,3.457429,92.808265,1.003683,95.355537
2022-10-19,0.908940,2.850973,3.421401,81.535646,1.008502,98.021273
2022-10-20,0.980960,2.964590,3.425442,86.105923,1.007418,94.472415
2022-10-21,1.000103,2.971193,3.561297,79.148227,0.990656,93.363720
2022-10-24,1.085382,2.899039,3.731771,82.236072,0.984025,92.740856
2022-10-25,1.070905,2.831760,3.681713,78.947313,0.970661,96.808453
2022-10-26,1.119371,2.890311,3.688513,82.795917,0.972795,91.632423
2022-10-27,1.151439,2.990937,3.735251,95.556283,0.977212,101.803029
2022-10-28,1.267032,2.845017,3.819792,85.806243,0.979471,98.540919
2022-10-31,1.386110,2.855456,3.800951,88.347843,0.972554,98.913512
2022-11-01,1.177083,2.524617,3.784134,81.201751,0.974717,93.756428
2022-11-02,0.884193,2.565251,3.992373,82.739251,0.970602,87.987701
2022-11-03,1.031092,2.696545,4.174231,81.890201,0.960710,84.310567
2022-11-04,1.202511,2.655347,4.245546,82.312169,0.967146,80.208950
2022-11-07,1.075117,2.960253,4.502830,78.936072,0.974293,78.818427
2022-11-08,0.834938,2.818808,4.443252,81.790762,0.982649,74.731210
2022-11-09,0.860168,2.859210,4.685325,76.579091,0.977284,78.722550
2022-11-10,0.997591,2.857662,4.764361,81.085879,0.987712,75.577002
2022-11-11,1.251476,2.845482,5.252357,79.574055,0.983334,71.930917
2022-11-14,1.331370,2.831037,5.068876,74.718459,0.989135,70.725358
2022-11-15,1.291063,2.853185,4.961598,80.442956,0.984597,76.183731
2022-11-16,1.180526,2.997486,5.020972,80.186265,0.982614,77.853299
2022-11-17,1.192550,3.228622,5.076873,87.367739,0.961434,77.996256
2022-11-18,1.162579,3.231137,5.365486,92.060331,0.958825,71.737679
2022-11-21,1.036094,3.368539,5.260168,88.439177,0.959611,66.935301
2022-11-22,1.323732,3.255073,5.391265,87.836915,0.956077,61.529581
2022-11-23,1.574635,3.384236,5.560470,88.069380,0.971308,68.587171
2022-11-24,1.736903,3.260770,5.660325,94.059316,0.961199,71.848002
2022-11-25,1.620840,3.443486,5.509934,95.464737,0.956336,68.393744
2022-11-28,1.744985,3.810268,5.715458,95.716260,0.948579,66.400822
2022-11-29,1.839554,3.790683,5.893395,94.350141,0.943778,63.175421
2022-11-30,1.907140,3.429551,5.976159,93.670951,0.952580,59.691533
2022-12-01,1.970946,3.401488,5.978872,95.071016,0.959646,61.231099
2022-12-02,2.006854,3.471436,5.982662,94.585275,0.956289,61.558730
2022-12-05,2.047327,3.503769,5.971194,93.555289,0.952838,65.673012
2022-12-06,2.082999,3.519244,5.995749,92.331855,0.947342,68.416857
2022-12-07,2.105202,3.576444,5.989723,91.175102,0.953549,71.227857
2022-12-08,2.031719,3.604583,5.939738,88.928062,0.958909,72.989750
2022-12-09,2.042555,3.672940,5.879949,87.654074,0.958401,72.983598
2022-12-12,2.024556,3.724616,5.835227,89.401124,0.951734,74.610227
2022-12-13,1.974065,3.809211,5.839393,88.827924,0.945536,74.705993
2022-12-14,2.057051,3.829508,5.831088,89.490011,0.946343,77.967374
2022-12-15,2.141827,3.879779,5.834931,85.934265,0.948946,79.234548
2022-12-16,2.209625,3.863168,5.853031,86.484105,0.939194,80.261979
2022-12-19,2.227471,3.830435,5.814653,86.073564,0.937686,81.062675
2022-12-20,2.294539,3.924786,5.881078,85.266825,0.945304,84.436475
2022-12-21,2.301103,3.936778,5.860568,85.335205,0.944276,82.698109
2022-12-22,2.316225,3.981099,5.831854,84.538994,0.951336,86.212389
2022-12-23,2.272954,3.987781,5.849046,81.752729,0.954428,86.452419
2022-12-26,2.296927,3.955371,5.750224,82.837655,0.949268,84.738056
2022-12-27,2.305656,3.955954,5.704097,83.053278,0.947880,84.087140
2022-12-28,2.253014,4.034910,5.746734,82.570255,0.947270,82.004977
2022-12-29,2.256898,4.065108,5.653276,81.305042,0.942769,83.630778
2022-12-30,2.259483,3.970517,5.702942,79.493458,0.938209,82.533202
2023-01-02,2.346535,3.958596,5.772087,79.776078,0.945304,83.377738
2023-01-03,2.392589,4.056588,5.746926,81.737213,0.940695,85.758708
2023-01-04,2.398733,4.044403,5.754929,81.933865,0.945781,85.225894
2023-01-05,2.415534,3.944999,5.804263,80.194457,0.943720,85.344669
2023-01-06,2.423061,4.049136,5.774107,80.459851,0.943599,83.805836
2023-01-09,2.419438,4.086271,5.810799,80.381675,0.946253,83.746406
2023-01-10,2.376251,4.081876,5.770398,81.418628,0.943425,88.427380
2023-01-11,2.375149,4.060920,5.739837,82.119686,0.946108,90.187799
2023-01-12,2.347274,4.120006,5.693310,78.461330,0.936477,90.262352
2023-01-13,2.296820,4.089517,5.704070,79.151770,0.938538,89.781028
2023-01-16,2.325838,4.152113,5.755552,77.994221,0.927025,90.215004
2023-01-17,2.349341,4.181125,5.739724,76.406714,0.925974,90.920935
2023-01-18,2.274742,4.193658,5.669603,76.296125,0.929938,90.741214
2023-01-19,2.275323,4.200687,5.609189,76.877162,0.932836,92.081897
2023-01-20,2.326228,4.190061,5.622882,75.097883,0.926799,91.035562
2023-01-23,2.379788,4.246611,5.708996,76.039887,0.921395,89.991786
2023-01-24,2.431631,4.197830,5.722247,77.032790,0.918228,91.084181
2023-01-25,2.438856,4.107633,5.696413,77.174546,0.919083,89.703512
2023-01-26,2.406274,4.140797,5.728336,76.258893,0.909793,91.372905
2023-01-27,2.363082,4.174752,5.709848,75.254834,0.909732,91.836327
2023-01-30,2.384337,4.200266,5.684494,76.562203,0.911150,89.393309
2023-01-31,2.407067,4.221690,5.630233,74.944877,0.909862,90.074574
2023-02-01,2.470569,4.202974,5.694535,76.300397,0.912255,87.877594
2023-02-02,2.525386,4.245273,5.561196,76.219750,0.913276,89.508197
2023-02-03,2.524534,4.241587,5.595245,76.220867,0.910806,89.615172
2023-02-06,2.473646,4.213629,5.566076,74.400726,0.902031,93.080755
2023-02-07,2.464592,4.195420,5.539695,74.398946,0.902633,95.264048
2023-02-08,2.479709,4.305574,5.618552,75.250542,0.898341,94.014300
2023-02-09,2.475896,4.208728,5.576771,73.892628,0.895747,91.240973
2023-02-10,2.455188,4.235181,5.536861,74.624958,0.897896,90.520401
2023-02-13,2.471947,4.141690,5.524594,74.880742,0.904282,89.061184
2023-02-14,2.454581,4.134970,5.539588,74.308422,0.904109,92.491753
2023-02-15,2.431700,4.110381,5.511736,75.434028,0.906618,92.950332
2023-02-16,2.451188,3.995062,5.427397,73.111645,0.900093,94.914298
2023-02-17,2.438494,4.016279,5.378802,73.691617,0.901199,94.909106
2023-02-20,2.454924,3.995112,5.437754,75.689898,0.900929,95.072547
2023-02-21,2.472599,3.879475,5.436141,77.471126,0.906483,95.469618
2023-02-22,2.426634,3.925934,5.453351,78.000563,0.904037,97.685385
2023-02-23,2.410472,4.004955,5.434867,77.707374,0.902945,98.607131
2023-02-24,2.480730,4.086692,5.396552,77.036968,0.907738,97.329325
2023-02-27,2.433713,4.105888,5.475245,76.774592,0.907321,100.352055
2023-02-28,2.343929,4.107798,5.460334,77.499032,0.902304,100.280029
2023-03-01,2.265970,4.180215,5.432724,76.639272,0.913890,99.948397
2023-03-02,2.273416,4.271825,5.482200,77.614828,0.908975,95.821704
2023-03-03,2.280914,4.332884,5.440554,80.211264,0.908680,97.278527
2023-03-06,2.281698,4.279568,5.405455,80.130502,0.910257,97.867362
2023-03-07,2.342410,4.289324,5.400746,78.526941,0.911476,98.448569
2023-03-08,2.227962,4.312140,5.395556,77.001749,0.910612,98.219564
2023-03-09,2.252068,4.211163,5.403354,77.993273,0.909771,97.717020
2023-03-10,2.328524,4.235933,5.502724,77.982817,0.908703,97.548521
2023-03-13,2.283660,4.359804,5.513926,79.075818,0.903646,98.714093
2023-03-14,2.272634,4.393361,5.389368,78.472731,0.913414,100.149541
2023-03-15,2.244863,4.472625,5.400525,79.502526,0.912410,100.178395
2023-03-16,2.210838,4.480595,5.397217,79.328816,0.915137,102.094911
2023-03-17,2.202513,4.474446,5.394201,78.481791,0.913607,102.347603
2023-03-20,2.273140,4.493318,5.401321,78.055996,0.911988,101.917365
2023-03-21,2.361930,4.446274,5.394682,76.723546,0.909914,102.615656
2023-03-22,2.352565,4.391281,5.386873,79.146739,0.902890,100.814481
2023-03-23,2.444082,4.459163,5.412377,79.057825,0.902165,101.578685
2023-03-24,2.451107,4.532605,5.380024,79.854216,0.900331,99.495407
2023-03-27,2.535418,4.475764,5.327519,79.218064,0.905620,98.256090
2023-03-28,2.536278,4.526901,5.473798,78.000880,0.900218,95.443623
2023-03-29,2.547231,4.519810,5.432510,77.786749,0.897624,95.609000
2023-03-30,2.568688,4.536220,5.432187,79.148881,0.893600,98.628323
2023-03-31,2.716662,4.559188,5.352076,78.558263,0.900069,98.854718
2023-04-03,2.759303,4.611440,5.352891,77.581435,0.896165,100.295907
2023-04-04,2.731639,4.613344,5.301218,77.834212,0.898688,104.456650
2023-04-05,2.779517,4.688249,5.274289,78.483607,0.903058,105.458573
2023-04-06,2.767317,4.702314,5.321845,80.487879,0.902398,104.579648
2023-04-07,2.749409,4.733635,5.340559,80.901346,0.896207,103.929742
2023-04-10,2.794498,4.684671,5.364017,81.659180,0.890115,104.291497
2023-04-11,2.799919,4.800459,5.270400,82.494163,0.893950,103.635951
2023-04-12,2.816455,4.822897,5.357564,81.005033,0.888333,103.106652
2023-04-13,2.821019,4.858620,5.292939,79.813029,0.890076,105.051992
2023-04-14,2.840081,4.766536,5.364596,78.531398,0.890585,107.043322
2023-04-17,2.863044,4.718021,5.410614,77.020542,0.892266,104.737861
2023-04-18,2.779628,4.783032,5.434239,78.033850,0.894372,103.781411
2023-04-19,2.813706,4.795479,5.386152,78.432625,0.890207,103.401190
2023-04-20,2.773460,4.686840,5.388587,78.572834,0.885875,104.725720
2023-04-21,2.712663,4.740998,5.359887,75.616558,0.889048,106.907384
2023-04-24,2.714384,4.707926,5.356299,78.116240,0.886255,111.561459
2023-04-25,2.722505,4.782517,5.338780,77.130497,0.874151,111.100767
2023-04-26,2.695607,4.774356,5.231895,79.628477,0.876991,110.724594
2023-04-27,2.737421,4.782317,5.283456,77.927025,0.872459,111.959060
2023-04-28,2.681274,4.843830,5.274667,77.043824,0.874499,111.147922
2023-05-01,2.667436,4.790893,5.245729,74.623930,0.880611,111.210904
2023-05-02,2.645647,4.732923,5.213129,75.187130,0.880685,110.834734
2023-05-03,2.648168,4.718984,5.226600,74.093115,0.885080,106.931740
2023-05-04,2.665324,4.761402,5.177406,73.078100,0.885761,107.459596
2023-05-05,2.624508,4.684958,5.060337,71.783594,0.892820,107.493223
2023-05-08,2.661803,4.590277,5.076852,72.862012,0.888091,109.852260
2023-05-09,2.669190,4.633020,5.098900,73.850526,0.888054,110.162522
2023-05-10,2.588576,4.597124,5.084923,76.067655,0.891048,108.453301
2023-05-11,2.505285,4.572963,5.023588,75.403195,0.890200,108.355810
2023-05-12,2.509910,4.468347,5.024340,75.785521,0.895344,105.326519
2023-05-15,2.505126,4.428930,4.947416,74.454694,0.893412,103.735785
2023-05-16,2.505652,4.426598,4.892665,74.241277,0.902704,105.115237
2023-05-17,2.509570,4.475862,4.851960,73.831008,0.912333,105.068340
2023-05-18,2.524882,4.431341,4.891149,74.526368,0.913621,106.893670
2023-05-19,2.572627,4.520571,4.869854,75.833074,0.916149,104.077706
2023-05-22,2.527537,4.480639,4.844381,77.092445,0.921624,104.048990
2023-05-23,2.479888,4.440946,4.939138,76.208557,0.916169,103.647680
2023-05-24,2.435969,4.523537,4.953405,77.471285,0.910179,105.540561
2023-05-25,2.454426,4.532873,4.966941,77.494708,0.915915,106.961576
2023-05-26,2.515831,4.500180,4.944988,77.191952,0.917170,108.319564
2023-05-29,2.501557,4.489447,4.911789,76.457840,0.916132,111.102624
2023-05-30,2.394175,4.561708,4.799222,75.921435,0.916183,110.802659
2023-05-31,2.323118,4.639903,4.844862,78.054211,0.905318,113.230761
2023-06-01,2.291539,4.592219,4.864298,78.472908,0.904456,111.827724
2023-06-02,2.272475,4.587317,4.852283,78.724217,0.901057,110.380042
2023-06-05,2.260208,4.589726,4.842412,78.452974,0.905202,111.880636
2023-06-06,2.268103,4.532924,4.876250,81.432535,0.909717,109.754245
2023-06-07,2.260202,4.527530,4.795409,82.998090,0.912344,110.973127
2023-06-08,2.313582,4.525512,4.763133,82.014654,0.914150,111.425497
2023-06-09,2.289106,4.585922,4.703666,81.617816,0.907331,113.426207
2023-06-12,2.256346,4.649786,4.789827,81.307094,0.910015,113.596834
2023-06-13,2.284070,4.628881,4.830850,81.445587,0.912883,113.950544
2023-06-14,2.221030,4.614398,4.717792,80.550113,0.918584,115.025863
2023-06-15,2.244882,4.648276,4.639633,81.065395,0.928365,114.215365
2023-06-16,2.255717,4.613298,4.630857,82.817601,0.920541,113.343281
2023-06-19,2.255259,4.643020,4.605112,81.117423,0.918755,114.368935
2023-06-20,2.332911,4.635413,4.536872,79.723104,0.915352,114.578386
2023-06-21,2.310780,4.579354,4.632363,79.155642,0.916141,114.180899
2023-06-22,2.409450,4.524211,4.645860,78.663751,0.916203,114.306636
2023-06-23,2.404868,4.601502,4.667418,81.098524,0.915131,117.114865
2023-06-26,2.352982,4.590293,4.630547,82.292606,0.919845,116.634887
2023-06-27,2.361917,4.677951,4.664539,83.395842,0.914793,116.113306
2023-06-28,2.319238,4.646790,4.643259,82.962261,0.910044,113.620263
2023-06-29,2.291332,4.660019,4.626919,82.516671,0.905395,113.816295
2023-06-30,2.315233,4.788776,4.655361,80.664256,0.903765,115.129146
2023-07-03,2.346174,4.727264,4.571690,81.595457,0.898231,116.715771
2023-07-04,2.323991,4.619776,4.649654,82.150012,0.898013,117.121762
2023-07-05,2.374329,4.687859,4.656575,83.683460,0.897270,118.879878
2023-07-06,2.432119,4.639433,4.718396,83.306657,0.893748,120.261048
2023-07-07,2.502224,4.635536,4.662152,83.028732,0.897661,122.239158
2023-07-10,2.531239,4.600569,4.613745,83.148037,0.897394,123.991650
2023-07-11,2.597668,4.612715,4.553595,84.170389,0.902175,126.663699
2023-07-12,2.517842,4.557785,4.564295,82.209055,0.901296,126.525553
2023-07-13,2.508665,4.545457,4.565737,83.053845,0.901187,124.537005
2023-07-14,2.474815,4.567815,4.540654,82.935054,0.898654,125.753584
2023-07-17,2.485481,4.509887,4.488188,81.540296,0.898623,127.144934
2023-07-18,2.465023,4.469143,4.423305,78.984854,0.901829,129.785477
2023-07-19,2.462886,4.447960,4.419588,78.853534,0.899976,131.937687
2023-07-20,2.552933,4.367384,4.395030,80.619524,0.902312,135.131066
2023-07-21,2.550283,4.342473,4.359569,82.651230,0.898652,136.171522
2023-07-24,2.573903,4.347437,4.435886,83.011757,0.902069,136.575903
2023-07-25,2.568355,4.323872,4.430426,85.396376,0.899457,134.394171
2023-07-26,2.576689,4.307451,4.492606,85.174427,0.903296,134.943184
2023-07-27,2.581853,4.304927,4.464373,86.238831,0.903571,134.109747
2023-07-28,2.606900,4.267441,4.475155,85.464345,0.910469,134.507065
2023-07-31,2.664111,4.304180,4.470880,84.639251,0.905230,134.649216
2023-08-01,2.742788,4.381742,4.384515,83.641878,0.898574,135.457497
2023-08-02,2.760949,4.354474,4.454794,80.987990,0.895809,135.347193
2023-08-03,2.791635,4.379542,4.446617,82.536368,0.889629,136.889754
2023-08-04,2.743880,4.364645,4.482552,81.669300,0.883500,132.563809
2023-08-07,2.744150,4.383088,4.443420,80.643406,0.886250,132.942161
2023-08-08,2.790686,4.467473,4.433804,79.209572,0.886231,134.936723
2023-08-09,2.833692,4.493380,4.389127,78.990662,0.884108,137.979433
2023-08-10,2.847080,4.393669,4.449770,81.138935,0.882399,139.170777
2023-08-11,2.890779,4.416864,4.463941,83.692179,0.879768,141.874882
2023-08-14,2.916501,4.482804,4.480838,81.522492,0.887058,142.126431
2023-08-15,2.974048,4.468485,4.547224,81.044361,0.883802,142.109747
2023-08-16,2.990373,4.521171,4.603252,79.765590,0.877978,142.935714
2023-08-17,2.977605,4.480930,4.639506,80.964056,0.881480,142.901246
2023-08-18,2.996008,4.397101,4.566262,81.283647,0.880529,141.620462
2023-08-21,2.867347,4.403077,4.529613,80.472761,0.889551,140.779873
2023-08-22,2.888307,4.304659,4.477700,80.546173,0.887214,138.992630
2023-08-23,2.727776,4.290053,4.512566,79.955097,0.890975,139.848107
2023-08-24,2.654509,4.359469,4.519448,81.916114,0.895809,139.867852
2023-08-25,2.679420,4.252794,4.448245,82.532326,0.893477,139.292716
2023-08-28,2.705391,4.181210,4.437415,83.287835,0.890164,138.393095
2023-08-29,2.657461,4.123524,4.361359,79.925141,0.893470,139.217254
2023-08-30,2.629986,4.119347,4.357656,79.847352,0.896042,140.473799
2023-08-31,2.696341,4.098555,4.273857,82.386548,0.889744,138.660238
2023-09-01,2.678974,4.174914,4.299603,83.967704,0.884738,136.613340
2023-09-04,2.784389,4.226503,4.317703,81.554682,0.873589,138.174423
2023-09-05,2.788365,4.252637,4.412229,81.125305,0.876193,135.992466
2023-09-06,2.810774,4.259436,4.453374,79.642916,0.875047,136.908520
2023-09-07,2.887490,4.279826,4.430815,81.724499,0.874338,139.526489
2023-09-08,2.897036,4.231098,4.470395,81.972037,0.866975,142.122000
2023-09-11,2.855542,4.277120,4.399030,80.974209,0.862227,143.281376
2023-09-12,2.854383,4.214649,4.349711,80.986295,0.860169,144.382658
2023-09-13,2.856563,4.259536,4.365369,77.851399,0.857283,147.941883
2023-09-14,2.798923,4.323536,4.256395,76.657250,0.857788,144.127431
2023-09-15,2.791415,4.333639,4.253911,76.797441,0.860294,143.343220
2023-09-18,2.762050,4.322413,4.202282,77.873219,0.870112,144.667375
2023-09-19,2.807798,4.342940,4.206939,75.699438,0.870025,144.081042
2023-09-20,2.813325,4.183985,4.152624,75.392747,0.874891,146.023876
2023-09-21,2.804546,4.199673,4.173626,76.679610,0.871268,145.900671
2023-09-22,2.803749,4.192440,4.174298,75.123675,0.864002,146.052455
2023-09-25,2.817775,4.188686,4.244019,75.524736,0.862481,145.552451
2023-09-26,2.849460,4.226590,4.243780,75.730186,0.855618,144.660909
2023-09-27,2.808275,4.221372,4.204772,77.830862,0.855681,143.738924
2023-09-28,2.765371,4.157575,4.192009,77.626639,0.852349,144.135400
2023-09-29,2.819220,4.148967,4.124429,77.497069,0.844061,142.854742
2023-10-02,2.804588,4.151887,4.144638,78.572213,0.851419,144.351323
2023-10-03,2.744812,4.157401,4.173952,77.066072,0.849134,145.352971
2023-10-04,2.769004,4.165477,4.297116,76.897302,0.842209,147.058508
2023-10-05,2.793980,4.221780,4.265236,76.464119,0.846000,145.181644
2023-10-06,2.729121,4.160961,4.251185,76.408509,0.842923,142.410665
2023-10-09,2.743732,4.169781,4.221793,77.493816,0.847531,142.379861
2023-10-10,2.781058,4.239848,4.231911,78.215311,0.844428,146.994143
2023-10-11,2.801981,4.143285,4.250468,77.394214,0.842148,148.950136
2023-10-12,2.834412,4.152392,4.247197,77.630155,0.843601,147.973520
2023-10-13,2.775083,4.119387,4.300925,79.456897,0.846107,148.573005
2023-10-16,2.794079,4.098320,4.269272,78.488221,0.849364,149.651414
2023-10-17,2.784485,4.047963,4.317904,78.704349,0.848983,147.365478
2023-10-18,2.766821,4.038246,4.343957,78.515091,0.851230,149.483225
2023-10-19,2.810129,4.139162,4.342380,78.485025,0.854410,149.120514
2023-10-20,2.880656,4.068861,4.325663,76.632521,0.855267,148.884220
2023-10-23,2.965080,4.004057,4.446094,78.372503,0.854657,148.833433
2023-10-24,3.027586,3.932235,4.403859,77.515233,0.848503,150.576363
2023-10-25,3.025738,4.027314,4.417541,78.792051,0.851049,149.262308
2023-10-26,3.044707,4.001576,4.378759,78.096707,0.851228,146.438533
2023-10-27,3.082235,3.999959,4.466925,77.423294,0.849470,146.890876
2023-10-30,3.090559,3.977606,4.509799,78.922527,0.854914,143.552114
2023-10-31,3.099281,3.925553,4.474242,80.140534,0.848833,143.034827
2023-11-01,3.139153,3.912717,4.498375,80.387533,0.855839,144.903478
2023-11-02,3.139129,4.048070,4.509666,81.298811,0.855744,145.780993
2023-11-03,3.108954,4.124241,4.482197,80.908587,0.857103,147.390953
2023-11-06,3.093067,4.076633,4.518576,80.871028,0.855412,148.309606
2023-11-07,3.124421,4.111743,4.536367,80.046395,0.848312,152.083045
2023-11-08,3.127258,4.065362,4.545406,81.137885,0.847720,151.021031
2023-11-09,3.145259,3.967200,4.541529,80.264312,0.849140,151.547831
2023-11-10,3.178031,4.023205,4.561315,82.064332,0.852016,150.731360
2023-11-13,3.163651,4.086717,4.570940,81.614069,0.851172,152.154929
2023-11-14,3.200228,4.143703,4.572010,81.590272,0.841892,151.934860
2023-11-15,3.219675,4.117086,4.538072,82.475432,0.835428,154.565663
2023-11-16,3.166429,4.107245,4.621008,82.429568,0.844043,153.570701
2023-11-17,3.233867,4.147853,4.566403,81.988423,0.839445,155.686396
2023-11-20,3.213598,4.168594,4.585919,81.891169,0.845456,156.478555
2023-11-21,3.141465,4.146069,4.567963,82.938345,0.841517,156.261832
2023-11-22,3.097072,4.056236,4.654069,82.028979,0.840749,156.967121
2023-11-23,3.053937,4.062074,4.606678,81.812305,0.843382,157.215473
2023-11-24,3.059269,4.120971,4.567888,81.769959,0.839930,157.612846
2023-11-27,3.049908,4.054420,4.517526,82.782957,0.846644,157.105724
2023-11-28,3.037751,4.089134,4.532029,82.574314,0.846964,155.812125
2023-11-29,3.068687,4.106813,4.461648,84.764175,0.848918,155.117890
2023-11-30,3.086906,4.147443,4.436275,84.418749,0.847783,152.273679
2023-12-01,3.103981,4.194612,4.327312,83.982746,0.850580,153.498060
2023-12-04,3.125207,4.155438,4.338424,83.645560,0.857321,151.386817
2023-12-05,3.155633,4.065684,4.312459,81.900237,0.856758,150.924713
2023-12-06,3.063352,4.035877,4.237207,80.579697,0.864200,151.852338
2023-12-07,3.049899,4.084436,4.290938,79.923515,0.861561,153.076850
2023-12-08,2.954790,4.054088,4.224791,81.299206,0.864859,150.106638
2023-12-11,2.959793,4.015499,4.264139,81.219558,0.866977,149.858615
2023-12-12,2.962946,3.915063,4.228431,80.594671,0.862357,150.495620
2023-12-13,3.013343,4.011598,4.307995,82.072941,0.863279,150.473890
2023-12-14,3.069933,4.056766,4.344641,83.940531,0.863311,152.519671
2023-12-15,3.081978,4.098683,4.293260,85.412876,0.859636,151.079583
2023-12-18,3.062334,4.151314,4.246633,84.161401,0.861176,147.690321
2023-12-19,3.087117,4.182227,4.276323,83.411516,0.861807,148.909940
2023-12-20,3.066212,4.167860,4.262498,85.604652,0.861494,147.961502
2023-12-21,3.069085,4.157982,4.253381,85.740503,0.861198,145.068222
2023-12-22,3.116385,4.133634,4.316380,85.219644,0.860811,144.763920
2023-12-25,3.094019,4.277810,4.278080,85.979683,0.859230,146.685174
2023-12-26,3.133099,4.307074,4.281932,87.100095,0.859831,144.597118
2023-12-27,3.166249,4.280137,4.328936,86.136676,0.857067,148.288740
2023-12-28,3.125819,4.304418,4.368476,86.229266,0.868528,146.865242
2023-12-29,3.172341,4.247403,4.359421,87.239617,0.862430,146.935807
2024-01-01,3.206287,4.328961,4.343938,85.511877,0.859912,144.915837
2024-01-02,3.213248,4.291087,4.256022,85.356927,0.857740,144.933256
2024-01-03,3.181291,4.317282,4.202586,83.778910,0.866536,144.669927
2024-01-04,3.145101,4.374442,4.218093,82.437709,0.860835,142.240037
2024-01-05,3.123526,4.393906,4.210727,81.670754,0.862670,146.738960
2024-01-08,3.150649,4.397326,4.214030,82.206361,0.863742,145.879031
2024-01-09,3.110243,4.396131,4.265537,81.743489,0.865184,145.029100
2024-01-10,3.132690,4.391242,4.205508,80.899942,0.870549,146.529267
2024-01-11,3.079480,4.357759,4.193277,80.935362,0.875857,149.366782
2024-01-12,3.073179,4.331406,4.202340,79.527086,0.873885,151.075413
2024-01-15,3.081021,4.411258,4.166722,80.054494,0.874733,149.042771
2024-01-16,3.193928,4.403444,4.238029,81.423014,0.866618,149.294597
2024-01-17,3.134373,4.358411,4.282907,81.283330,0.867047,146.191456
2024-01-18,3.203276,4.328381,4.296682,80.997945,0.863612,147.572269
2024-01-19,3.212406,4.387388,4.385606,81.422649,0.862808,144.880245
2024-01-22,3.233259,4.422797,4.309519,78.940755,0.855567,143.546321
2024-01-23,3.240851,4.451724,4.308295,79.610800,0.857301,143.505735
2024-01-24,3.263101,4.435553,4.325779,83.414684,0.850060,144.182688
2024-01-25,3.258332,4.465146,4.279148,83.156991,0.850690,143.723366
2024-01-26,3.325931,4.427689,4.293467,82.912207,0.845489,146.116666
2024-01-29,3.307286,4.411500,4.237364,83.752308,0.841905,147.212683
2024-01-30,3.360208,4.462993,4.271342,85.727067,0.846780,148.172116
2024-01-31,3.332971,4.509026,4.323549,86.809744,0.849273,146.123353
2024-02-01,3.332127,4.452785,4.336271,83.841994,0.854167,148.781108
2024-02-02,3.285760,4.403720,4.242686,84.434641,0.860854,147.408393
2024-02-05,3.308294,4.407884,4.193776,87.613770,0.857534,150.114377
2024-02-06,3.375291,4.500990,4.221636,88.194751,0.863985,153.248745
2024-02-07,3.373509,4.393430,4.222210,86.427231,0.857677,153.936508
2024-02-08,3.366355,4.406964,4.087021,86.592392,0.860883,155.448364
2024-02-09,3.317932,4.329454,4.149214,84.743249,0.858762,150.361209
2024-02-12,3.309542,4.293048,4.155850,86.175866,0.854777,149.945593
2024-02-13,3.239828,4.271632,4.114673,84.759769,0.857407,151.609602
2024-02-14,3.200989,4.247218,4.164362,84.707220,0.861468,152.972722
2024-02-15,3.213591,4.216670,4.130227,83.480987,0.865419,150.891438
2024-02-16,3.275292,4.216000,4.095684,82.693783,0.866349,150.312568
2024-02-19,3.403805,4.185497,4.113619,84.473945,0.866921,146.151258
2024-02-20,3.378994,4.104120,4.202616,84.467134,0.869208,146.750534
2024-02-21,3.445266,4.146396,4.283385,83.625157,0.870529,143.669703
2024-02-22,3.457654,4.187018,4.300637,82.091661,0.872889,145.441770
2024-02-23,3.452217,4.232445,4.322954,79.757169,0.873779,147.279712
2024-02-26,3.473075,4.146575,4.361637,78.281290,0.877469,146.447928
2024-02-27,3.477169,4.162229,4.297741,78.463971,0.870359,147.217491
2024-02-28,3.483428,4.198559,4.329158,79.672515,0.869788,146.797958
2024-02-29,3.466319,4.140848,4.291537,79.015375,0.863790,147.117032
2024-03-01,3.404739,4.140590,4.306695,80.928992,0.864986,145.210246
2024-03-04,3.336857,4.133432,4.294495,80.034938,0.872117,146.154132
2024-03-05,3.368106,4.234017,4.318778,79.748664,0.870052,143.466694
2024-03-06,3.357382,4.338728,4.323808,78.475050,0.870606,140.504139
2024-03-07,3.332328,4.245634,4.169261,79.696011,0.873905,140.304012
2024-03-08,3.334582,4.381617,4.177928,82.252716,0.864916,139.962983
2024-03-11,3.372215,4.329553,4.209724,80.040765,0.862662,140.399036
2024-03-12,3.382043,4.381972,4.231582,79.625019,0.864235,139.355834
2024-03-13,3.354192,4.433622,4.225926,81.161500,0.851807,142.379382
2024-03-14,3.411159,4.376924,4.307531,79.384599,0.847657,142.612556
2024-03-15,3.483777,4.402346,4.322269,80.080815,0.852336,142.959041
2024-03-18,3.507297,4.394622,4.343264,81.559115,0.856621,143.245025
2024-03-19,3.552283,4.423332,4.394515,81.607608,0.858225,144.817231
2024-03-20,3.609162,4.434126,4.411467,82.234881,0.862019,145.690686
2024-03-21,3.660780,4.497988,4.365320,84.366171,0.862947,146.341008
2024-03-22,3.688971,4.499943,4.242342,86.729902,0.865347,147.455173
2024-03-25,3.716341,4.488510,4.217917,86.439612,0.863982,144.461237
2024-03-26,3.740060,4.546640,4.255492,85.553147,0.864483,141.557669
2024-03-27,3.690920,4.576175,4.237215,84.210933,0.861753,141.420398
2024-03-28,3.722889,4.613920,4.276725,85.322677,0.867215,141.089916
2024-03-29,3.662185,4.574712,4.283455,83.423599,0.873838,142.006712
2024-04-01,3.626980,4.514724,4.347124,83.003725,0.879887,142.018672
2024-04-02,3.686332,4.481240,4.331375,83.039804,0.878094,142.929470
2024-04-03,3.724597,4.444970,4.353830,82.323468,0.873916,140.907222
2024-04-04,3.791831,4.486231,4.378109,82.598757,0.879514,140.880959
2024-04-05,3.779639,4.537765,4.452077,85.755764,0.881909,138.726459
2024-04-08,3.727869,4.526882,4.365337,85.421260,0.883359,139.358167
2024-04-09,3.717338,4.603275,4.341355,84.698415,0.880565,136.359329
2024-04-10,3.722260,4.675928,4.382815,85.851130,0.882441,136.953032
2024-04-11,3.726125,4.686411,4.458979,85.977950,0.877666,134.633102
2024-04-12,3.777436,4.638261,4.469547,87.664671,0.880453,134.073127
2024-04-15,3.761269,4.722154,4.453433,87.640614,0.886544,135.564280
2024-04-16,3.777266,4.715709,4.489875,87.076029,0.893803,135.972445
2024-04-17,3.732869,4.719586,4.531751,84.561841,0.896975,133.379664
2024-04-18,3.753401,4.697829,4.512041,82.394888,0.890798,132.370038
2024-04-19,3.753728,4.645899,4.526908,80.086157,0.891678,130.044132
2024-04-22,3.720171,4.562340,4.584227,80.540552,0.901269,127.432077
2024-04-23,3.709878,4.594699,4.676813,78.895567,0.897363,127.746017
2024-04-24,3.701951,4.549033,4.711636,80.429076,0.897097,128.765034
2024-04-25,3.690186,4.714911,4.711396,80.452663,0.903460,129.582353
2024-04-26,3.770336,4.652117,4.706247,80.144952,0.906252,130.650733
2024-04-29,3.766024,4.580153,4.731692,79.132587,0.917560,130.725168
2024-04-30,3.755185,4.605690,4.723381,79.900787,0.914204,130.380492
2024-05-01,3.660979,4.687179,4.730370,78.945320,0.909691,128.759776
2024-05-02,3.621296,4.687783,4.674955,77.818013,0.915276,128.168051
2024-05-03,3.610172,4.716305,4.737508,79.283322,0.909820,126.172213
2024-05-06,3.580068,4.611845,4.677948,79.727699,0.908925,124.958226
2024-05-07,3.643125,4.571934,4.654031,79.455365,0.908627,125.250927
2024-05-08,3.636330,4.510398,4.656694,80.239976,0.913346,125.209928
2024-05-09,3.694965,4.403929,4.754017,80.243517,0.916155,130.261393
2024-05-10,3.698161,4.408547,4.730267,80.698500,0.918251,128.205506
2024-05-13,3.700244,4.283357,4.694445,79.694970,0.916405,128.123293
2024-05-14,3.696647,4.209303,4.664526,82.218230,0.921990,125.964089
2024-05-15,3.697231,4.178720,4.745213,81.439649,0.940736,125.483991
2024-05-16,3.774988,4.132084,4.602015,83.318234,0.943994,125.073802
2024-05-17,3.670706,4.153159,4.549870,82.981290,0.944464,126.574872
2024-05-20,3.581153,4.169153,4.684635,83.899861,0.938355,125.989657
2024-05-21,3.557586,4.217435,4.711840,84.707945,0.935369,125.823649
2024-05-22,3.559210,4.257747,4.654094,86.030053,0.934370,125.276903
2024-05-23,3.591227,4.319260,4.649782,84.767078,0.931876,123.182452
2024-05-24,3.613351,4.317678,4.650955,85.996392,0.931801,122.307263
2024-05-27,3.596807,4.332898,4.691058,88.219990,0.940122,121.873092
2024-05-28,3.643477,4.359499,4.780669,87.620849,0.946002,122.172482
2024-05-29,3.690462,4.365652,4.797373,87.427493,0.945251,123.245073
2024-05-30,3.699182,4.342144,4.767595,86.512992,0.939558,123.037268
2024-05-31,3.742905,4.322291,4.804278,85.862744,0.945862,122.803413
2024-06-03,3.755403,4.275836,4.766549,87.908778,0.945630,120.222078
2024-06-04,3.730314,4.297722,4.712216,86.349926,0.937502,121.283433
2024-06-05,3.761995,4.291160,4.621771,84.943364,0.940847,120.357162
2024-06-06,3.767124,4.253321,4.541428,86.864506,0.945685,121.748987
2024-06-07,3.767316,4.215684,4.494840,87.465816,0.934283,124.037801
2024-06-10,3.833730,4.148050,4.434371,90.051070,0.930439,123.896759
2024-06-11,3.723306,4.201094,4.448695,89.127673,0.929926,122.420494
2024-06-12,3.659817,4.204413,4.387330,89.007691,0.933347,122.569571
2024-06-13,3.606959,4.155942,4.228998,87.848325,0.930943,123.301798
2024-06-14,3.591385,4.199588,4.176286,87.790537,0.927078,122.963948
2024-06-17,3.580762,4.167765,4.152388,85.247130,0.930455,122.231847
2024-06-18,3.513809,4.089536,4.121906,85.963512,0.928279,123.311181
2024-06-19,3.470622,4.145145,4.197795,86.195516,0.930798,124.274194
2024-06-20,3.433201,4.114825,4.166726,85.928632,0.925639,123.877389
2024-06-21,3.545253,4.091676,4.210506,85.243930,0.919401,121.392109
2024-06-24,3.627350,4.093374,4.209114,83.947440,0.922880,122.308393
2024-06-25,3.609512,4.155643,4.206563,84.746264,0.924046,121.257585
2024-06-26,3.593913,4.155922,4.164367,83.126726,0.928318,121.787955
2024-06-27,3.543023,4.089147,4.161171,83.671173,0.925849,122.211927
2024-06-28,3.458185,4.118504,4.122671,86.199575,0.922176,119.367492
2024-07-01,3.454292,4.091155,4.131082,87.944761,0.928471,119.703548
2024-07-02,3.410772,4.194427,4.119145,85.737604,0.921428,120.729764
2024-07-03,3.408511,4.193387,4.071837,84.873550,0.927212,121.941911
2024-07-04,3.338067,4.069487,4.121544,85.260407,0.933354,122.310277
2024-07-05,3.305626,4.088664,4.142800,85.008007,0.937376,119.323676
2024-07-08,3.314292,4.195062,4.120226,83.090702,0.934158,121.573769
2024-07-09,3.332714,4.280758,4.127420,83.477351,0.930352,122.415668
2024-07-10,3.353369,4.380137,4.123119,83.358338,0.929375,120.666200
2024-07-11,3.295734,4.322330,4.079647,85.680894,0.923377,119.599117
2024-07-12,3.336212,4.371009,4.083253,85.180568,0.918948,120.173085
2024-07-15,3.302058,4.329615,4.052270,86.523061,0.921915,121.459009
2024-07-16,3.332528,4.340432,4.005214,84.694709,0.924913,120.863678
2024-07-17,3.333919,4.268858,3.924455,83.256166,0.920072,122.375882
2024-07-18,3.273846,4.232138,3.907226,84.061633,0.923187,119.683696
2024-07-19,3.261722,4.193816,3.936346,85.312459,0.925287,118.218925
2024-07-22,3.280316,4.242261,3.902268,83.934002,0.932299,115.133753
2024-07-23,3.309978,4.285132,4.029094,83.843489,0.934955,113.946567
2024-07-24,3.305594,4.299016,4.073662,82.008294,0.939917,116.620025
2024-07-25,3.376502,4.223347,4.138984,81.724864,0.942162,120.146309
2024-07-26,3.423534,4.205113,4.178590,82.704348,0.946790,120.720190
2024-07-29,3.413490,4.163056,4.270919,82.084601,0.940716,119.891502
2024-07-30,3.448792,4.210036,4.230885,81.715459,0.940143,119.737963
2024-07-31,3.537217,4.273796,4.102325,80.291179,0.939960,120.697927
2024-08-01,3.626490,4.330602,4.080009,79.505436,0.938815,118.390178
2024-08-02,3.571924,4.287543,4.108000,81.645206,0.940901,117.690278
2024-08-05,3.531142,4.135518,4.115544,81.684665,0.943891,120.209204
2024-08-06,3.599039,4.037593,4.129255,80.415462,0.945744,118.733976
2024-08-07,3.552220,4.115433,4.195184,80.024233,0.944907,117.748196
2024-08-08,3.493697,4.092702,4.213906,78.128820,0.941438,117.991824
2024-08-09,3.473044,4.050841,4.253396,77.003943,0.946616,118.664934
2024-08-12,3.493262,4.140784,4.205804,78.681403,0.948273,117.878278
2024-08-13,3.489881,4.209605,4.150611,78.552578,0.943456,118.222638
2024-08-14,3.461846,4.209911,4.231115,80.856574,0.942543,119.413115
2024-08-15,3.432859,4.192734,4.235635,80.715221,0.934363,122.757307
2024-08-16,3.402272,4.184498,4.203931,80.650134,0.934528,122.727743
2024-08-19,3.364285,4.196054,4.172446,81.409426,0.933601,122.834389
2024-08-20,3.468702,4.283072,4.139700,78.169404,0.930924,125.449969
2024-08-21,3.483415,4.304975,4.104093,78.464545,0.938329,124.716804
2024-08-22,3.524585,4.343487,4.039919,78.452509,0.932920,122.750671
2024-08-23,3.503679,4.406223,3.965139,80.267920,0.936221,123.323563
2024-08-26,3.496496,4.340066,3.955928,81.429688,0.946513,125.212207
2024-08-27,3.465600,4.380023,3.926858,80.014123,0.951625,125.937761
2024-08-28,3.347611,4.362102,3.982908,81.518496,0.951475,125.923158
2024-08-29,3.287410,4.222068,3.998031,81.152583,0.946095,123.746497
2024-08-30,3.207982,4.103931,4.011704,80.024688,0.939674,123.815641
2024-09-02,3.109110,4.047318,3.974901,80.260892,0.937742,125.950533
2024-09-03,3.058082,4.076146,3.969350,80.009331,0.934527,124.116440
2024-09-04,3.120673,4.081901,3.987923,81.876887,0.931171,123.883680
2024-09-05,3.121391,4.091513,4.024181,82.239060,0.929653,123.424868
2024-09-06,3.182181,4.198249,4.019790,82.424864,0.929177,122.474292
2024-09-09,3.203146,4.127456,4.074067,83.471147,0.931434,123.046226
2024-09-10,3.240749,4.125238,4.074570,84.742723,0.925688,123.925052
2024-09-11,3.202445,4.141281,4.114314,85.596651,0.922535,124.778324
2024-09-12,3.228413,4.100020,4.089764,87.261514,0.921799,123.367646
2024-09-13,3.263492,4.100978,3.999176,87.832647,0.920898,120.900395
2024-09-16,3.239689,4.012377,4.012997,87.807406,0.929393,121.511213
2024-09-17,3.267109,4.089673,4.049611,89.205246,0.930473,120.886630
2024-09-18,3.294719,4.051625,4.078580,88.793106,0.922996,124.019064
2024-09-19,3.272011,4.162946,4.099775,88.559907,0.924928,127.194089
2024-09-20,3.223598,4.160308,4.082347,90.599918,0.927455,130.507251
2024-09-23,3.172618,4.216009,4.042080,92.485269,0.926875,129.098001
2024-09-24,3.179020,4.212014,4.069898,92.072476,0.921269,130.118012
2024-09-25,3.196219,4.209275,4.091341,91.063430,0.929403,131.610356
2024-09-26,3.162971,4.176116,4.063331,92.723135,0.924444,132.907619
2024-09-27,3.166715,4.181763,4.118949,93.428510,0.927503,132.411506
2024-09-30,3.194923,4.198326,4.074729,93.435856,0.928432,134.534055
2024-10-01,3.225161,4.154199,4.045654,92.553756,0.931225,134.589474
2024-10-02,3.297295,4.146504,4.127693,92.609542,0.939206,134.848549
2024-10-03,3.356770,4.112163,4.171011,92.173769,0.941847,132.439530
2024-10-04,3.313485,4.237996,4.152827,90.872829,0.939220,133.546759
2024-10-07,3.391193,4.231909,4.166985,90.701477,0.944428,133.194633
2024-10-08,3.368934,4.315769,4.174456,90.720976,0.941453,134.006333
2024-10-09,3.417677,4.303547,4.036878,89.871854,0.942223,134.442451
2024-10-10,3.422266,4.316393,3.991807,90.781131,0.936151,134.787525
2024-10-11,3.405230,4.242253,3.989697,92.202864,0.931327,134.766508
2024-10-14,3.325463,4.216495,3.972308,93.156486,0.931566,136.077403
2024-10-15,3.319641,4.227008,3.985173,92.348492,0.933282,135.798401
2024-10-16,3.251390,4.313130,4.042107,93.000086,0.925372,133.512101
2024-10-17,3.297113,4.323887,4.026262,92.689261,0.927676,134.487309
2024-10-18,3.367380,4.398496,3.973674,90.585998,0.923883,133.248027
2024-10-21,3.333250,4.431942,3.990422,91.164212,0.929813,131.196728
2024-10-22,3.348705,4.519521,3.974529,91.006898,0.928178,129.649171
2024-10-23,3.317868,4.513996,3.967228,94.251926,0.922978,130.206011
2024-10-24,3.291515,4.643202,3.953170,95.862223,0.923328,130.149521
2024-10-25,3.328401,4.613732,4.065849,96.365927,0.919108,126.835733
2024-10-28,3.328553,4.568922,3.953951,96.188178,0.924958,126.353526
2024-10-29,3.408723,4.499894,3.935118,95.893087,0.924960,128.360761
2024-10-30,3.388588,4.625900,3.935593,93.948084,0.924259,127.755080
2024-10-31,3.435203,4.668266,3.897194,91.088909,0.926998,127.612767
2024-11-01,3.441046,4.647017,3.942996,89.555038,0.922352,129.405425
2024-11-04,3.478292,4.712925,3.984287,89.188564,0.916426,130.784154
2024-11-05,3.459457,4.747696,3.982362,86.134321,0.918299,132.511114
2024-11-06,3.458589,4.852642,3.969299,85.244763,0.913263,128.149917
2024-11-07,3.454757,4.763901,3.964224,84.767100,0.908254,131.042055
2024-11-08,3.418515,4.746051,3.959528,84.347036,0.912062,132.149875
2024-11-11,3.449835,4.717428,3.956171,83.381497,0.914460,136.166738
2024-11-12,3.480497,4.605805,3.947346,82.852484,0.908745,134.953349
2024-11-13,3.508485,4.661500,3.960580,84.933541,0.905936,132.182295
2024-11-14,3.578814,4.643782,3.998798,85.627456,0.901852,132.272022
2024-11-15,3.644920,4.681687,3.937690,84.737826,0.909897,131.908706
2024-11-18,3.628667,4.808548,3.885806,84.505009,0.914028,133.035481
2024-11-19,3.646140,4.785685,3.799237,84.330414,0.912107,134.825011
2024-11-20,3.618693,4.759179,3.843759,83.232823,0.914739,134.737091
2024-11-21,3.620470,4.762469,3.857301,82.180362,0.908557,134.404587
2024-11-22,3.594199,4.813518,3.883535,83.368249,0.905506,135.296893
2024-11-25,3.667925,4.778894,3.812926,82.742514,0.905981,134.933798
2024-11-26,3.684820,4.740876,3.903321,81.312673,0.908032,134.440489
2024-11-27,3.675470,4.795858,3.873666,81.220406,0.907590,136.155500
2024-11-28,3.729681,4.813299,3.882981,81.327359,0.908716,138.209589
2024-11-29,3.632284,4.697386,3.926569,78.917124,0.909072,139.961839
2024-12-02,3.542320,4.627000,3.877913,78.901157,0.908329,139.693053
2024-12-03,3.579164,4.706860,3.851485,79.968317,0.906985,136.272461
2024-12-04,3.582768,4.725939,3.861438,80.512370,0.905054,136.072606
2024-12-05,3.594907,4.680914,4.005266,83.234859,0.906104,134.899112
2024-12-06,3.536040,4.668618,4.020701,84.710850,0.907967,134.742561
2024-12-09,3.536050,4.666471,4.101336,86.423635,0.908868,133.721390
2024-12-10,3.627264,4.704071,4.161615,89.922253,0.903528,133.750992
2024-12-11,3.665044,4.626350,4.179769,90.632260,0.899026,132.150641
2024-12-12,3.673220,4.577393,4.129990,90.514745,0.900821,130.179987
2024-12-13,3.653970,4.589896,4.182858,91.506892,0.907474,132.234493
2024-12-16,3.636798,4.581845,4.107621,90.377389,0.908166,130.760696
2024-12-17,3.541637,4.610770,4.187634,90.192871,0.906298,130.853620
2024-12-18,3.554265,4.540504,4.197284,89.000035,0.907316,132.472308
2024-12-19,3.593294,4.557784,4.064383,89.247037,0.902173,134.010471
2024-12-20,3.523218,4.615390,4.047500,88.089042,0.908097,135.342124
2024-12-23,3.494562,4.639503,4.080408,86.934466,0.908944,135.873289
2024-12-24,3.443697,4.644397,4.068635,87.257440,0.905907,137.072961
2024-12-25,3.401682,4.636345,4.104511,86.850832,0.905152,139.299173
2024-12-26,3.405682,4.587683,4.061992,84.167957,0.902770,139.986217
2024-12-27,3.313461,4.581173,3.996844,82.224828,0.908710,137.046831
2024-12-30,3.343049,4.647932,3.993685,80.755445,0.907791,136.230710
2024-12-31,3.378801,4.638593,3.995688,79.670458,0.908497,137.382595
2025-01-01,3.369186,4.586900,3.978686,80.177188,0.911107,136.405415
2025-01-02,3.259277,4.557279,4.040536,80.435590,0.907738,139.033531
2025-01-03,3.216601,4.565896,3.998264,81.717896,0.908618,138.942108
2025-01-06,3.274415,4.542889,4.014329,82.593226,0.909866,139.089085
2025-01-07,3.151508,4.567210,4.018070,83.851651,0.902823,140.897785
2025-01-08,3.138463,4.593497,3.940562,84.501091,0.903964,140.596247
2025-01-09,3.088009,4.639817,3.875248,84.628196,0.903758,140.872328
2025-01-10,3.127063,4.715354,3.876743,85.890270,0.904345,142.302202
2025-01-13,3.099375,4.767064,3.976696,86.897601,0.904506,139.923547
2025-01-14,3.120355,4.712413,4.006153,87.172659,0.905679,139.467834
2025-01-15,3.148519,4.659669,3.920246,88.622068,0.911755,140.799801
2025-01-16,3.233756,4.652663,3.765441,85.295649,0.906394,140.896764
2025-01-17,3.226888,4.625038,3.803432,84.761683,0.904845,143.235530
2025-01-20,3.246103,4.559730,3.799807,84.227564,0.907866,140.681697
2025-01-21,3.181491,4.532998,3.858071,85.564254,0.910052,137.970878
2025-01-22,3.237533,4.504567,3.815003,87.428498,0.912144,139.222667
2025-01-23,3.205560,4.465397,3.833654,85.319648,0.924789,140.615732
2025-01-24,3.182704,4.445967,3.877028,86.976758,0.927634,140.300375
2025-01-27,3.184172,4.508798,3.855547,85.247673,0.932894,140.938002
2025-01-28,3.116306,4.517521,3.835220,83.641229,0.931463,142.120953
2025-01-29,3.129335,4.651201,3.837542,83.236586,0.926850,140.797563
2025-01-30,3.175554,4.657774,3.865726,82.741731,0.925394,139.658630
2025-01-31,3.191234,4.638989,3.865946,80.748299,0.928694,139.965605
2025-02-03,3.122168,4.636460,3.915582,81.516525,0.930585,141.412491
2025-02-04,3.119308,4.647822,3.893223,82.305129,0.932464,139.532835
2025-02-05,3.155422,4.668969,3.827631,83.545537,0.931465,139.220791
2025-02-06,3.073491,4.780313,3.927569,82.896186,0.929726,138.837804
2025-02-07,3.028033,4.730499,3.898027,82.758642,0.928890,139.518161
2025-02-10,3.070565,4.774624,3.870413,82.636790,0.932261,139.509062
2025-02-11,3.085637,4.782752,3.868041,84.673447,0.936188,138.640558
2025-02-12,3.107033,4.693011,3.872328,81.011015,0.931490,140.651857
2025-02-13,3.193482,4.732427,3.853904,79.826394,0.935047,139.782527
2025-02-14,3.216993,4.799017,3.854017,79.838232,0.932010,139.317347
2025-02-17,3.248930,4.748476,3.853013,78.553480,0.934197,136.777778
2025-02-18,3.373118,4.744791,3.862742,78.292536,0.933301,135.668198
2025-02-19,3.365204,4.646717,3.745816,78.195208,0.940637,136.537238
2025-02-20,3.331039,4.574696,3.841277,77.480603,0.938672,137.084829
2025-02-21,3.352165,4.629839,3.834947,77.630052,0.939511,138.073208
2025-02-24,3.373711,4.601466,3.865039,78.435688,0.942365,138.974047
2025-02-25,3.351714,4.537876,3.797074,78.204521,0.938256,142.324649
2025-02-26,3.307050,4.548145,3.774735,77.727608,0.937914,141.104829
2025-02-27,3.412964,4.517020,3.742421,77.601637,0.936665,138.502702
2025-02-28,3.429221,4.488857,3.817337,77.663867,0.934261,136.836791
2025-03-03,3.397751,4.527364,3.789177,75.730003,0.932210,135.742580
2025-03-04,3.440577,4.461159,3.828324,76.381712,0.937407,134.226231
2025-03-05,3.437103,4.409320,3.796890,75.972146,0.934606,134.433826
2025-03-06,3.427175,4.415957,3.775472,77.543541,0.937257,136.493735
2025-03-07,3.453968,4.467410,3.764492,78.307314,0.938732,138.992253
2025-03-10,3.397218,4.533440,3.830026,79.744963,0.932198,139.809224
2025-03-11,3.414697,4.494527,3.736614,78.552274,0.934621,143.237167
2025-03-12,3.502321,4.543905,3.672284,78.158701,0.928039,142.634598
2025-03-13,3.524490,4.498402,3.576630,76.769165,0.930958,139.996222
2025-03-14,3.508663,4.596650,3.524348,76.055391,0.928600,141.681345
2025-03-17,3.487008,4.531706,3.486071,77.614978,0.928639,138.722780
2025-03-18,3.469795,4.602445,3.407802,79.438312,0.922649,137.527548
2025-03-19,3.459687,4.563729,3.373864,78.098445,0.923213,138.384452
2025-03-20,3.444047,4.672002,3.276032,77.619422,0.927502,138.236797
2025-03-21,3.486705,4.701637,3.228429,77.601054,0.923767,137.948904
2025-03-24,3.409964,4.642749,3.291936,78.357247,0.920967,136.080151
2025-03-25,3.450314,4.611255,3.315348,76.363418,0.923063,136.102066
2025-03-26,3.434627,4.651575,3.327860,74.653278,0.925279,137.746905
2025-03-27,3.453051,4.706664,3.280810,75.359802,0.914086,137.801385
2025-03-28,3.403724,4.699748,3.207282,73.319822,0.923344,136.495010
2025-03-31,3.465098,4.699205,3.153895,73.020842,0.925787,134.533998
2025-04-01,3.522491,4.737918,3.155519,73.399325,0.929019,133.293307
2025-04-02,3.566783,4.742015,3.202706,74.049448,0.928352,133.988108
2025-04-03,3.499552,4.667705,3.251413,74.063743,0.919780,134.597990
2025-04-04,3.538064,4.620120,3.286338,73.829087,0.922888,133.371199
2025-04-07,3.557330,4.630371,3.252715,74.950625,0.920284,129.900272
2025-04-08,3.486063,4.694501,3.257332,75.419326,0.922790,130.673290
2025-04-09,3.486226,4.780402,3.244635,74.823141,0.921781,129.330225
2025-04-10,3.503885,4.819955,3.237997,75.015895,0.922879,130.539423
2025-04-11,3.530093,4.832276,3.343302,75.594034,0.919310,129.424253
2025-04-14,3.539149,4.869932,3.258228,77.699623,0.923292,127.949370
2025-04-15,3.553298,4.829581,3.249862,78.690351,0.917822,128.314951
2025-04-16,3.620597,4.817635,3.313850,80.176791,0.928185,132.204120
2025-04-17,3.676486,4.768837,3.243700,79.440534,0.938629,133.480527
2025-04-18,3.547963,4.696881,3.214938,78.834959,0.946323,133.763673
2025-04-21,3.534686,4.712238,3.192026,78.591688,0.952378,134.400198
2025-04-22,3.528338,4.719393,3.184493,78.464412,0.951975,131.654411
2025-04-23,3.450581,4.754136,3.108357,77.331876,0.957544,129.942122
2025-04-24,3.456217,4.780956,3.142088,78.894606,0.957084,126.025215
2025-04-25,3.513786,4.790977,3.179234,79.980315,0.949678,128.932761
2025-04-28,3.466035,4.818227,3.208336,79.615019,0.956843,131.487251
2025-04-29,3.482509,4.812407,3.168384,80.396700,0.962259,132.200888
2025-04-30,3.442567,4.831666,3.176436,80.653986,0.962108,132.495063
2025-05-01,3.413761,4.788201,3.135158,81.509649,0.956232,130.087569
2025-05-02,3.481788,4.805183,3.122388,79.837710,0.953434,129.835813
2025-05-05,3.458646,4.838525,3.233972,79.668315,0.944791,132.805282
2025-05-06,3.480811,4.798138,3.242221,79.608910,0.949266,133.087495
2025-05-07,3.397883,4.797596,3.186275,80.368931,0.941687,132.253186
2025-05-08,3.483296,4.759908,3.198947,79.603899,0.943038,129.517741
2025-05-09,3.511682,4.727710,3.134962,76.685529,0.939069,131.831052
2025-05-12,3.504623,4.662728,3.078871,75.547147,0.932394,131.800608
2025-05-13,3.531704,4.729495,3.030899,75.607789,0.933505,129.071828
2025-05-14,3.469335,4.784990,3.012960,75.808588,0.931949,127.702284
2025-05-15,3.523872,4.811209,3.064157,77.873231,0.935863,125.781200
2025-05-16,3.510397,4.916235,3.097220,78.620446,0.929950,125.712599
2025-05-19,3.502372,4.901961,3.127381,78.757742,0.926435,126.187215
2025-05-20,3.481438,5.064900,3.076325,78.756453,0.915441,125.520196
2025-05-21,3.456583,5.047927,3.053354,80.109381,0.905497,126.908268
2025-05-22,3.489217,5.057571,3.071141,79.400155,0.913675,127.165269
2025-05-23,3.501976,5.031262,3.043841,79.251144,0.923244,128.993316
2025-05-26,3.532497,5.047415,3.034147,77.988792,0.923672,128.531873
2025-05-27,3.533171,5.088984,3.060478,79.727339,0.919875,133.519075
2025-05-28,3.557332,5.078163,3.047198,80.206332,0.918503,132.680702
2025-05-29,3.539455,5.171370,3.062712,79.353483,0.922524,131.308567
2025-05-30,3.640835,5.179638,3.146497,79.236650,0.920154,129.753401
2025-06-02,3.570915,5.189596,3.141718,79.867686,0.921248,129.518361
2025-06-03,3.628573,5.134643,3.204518,79.571836,0.921189,126.871920
2025-06-04,3.690815,5.152922,3.236069,78.949163,0.918573,127.474501
2025-06-05,3.652904,5.140738,3.166163,78.209155,0.916160,124.551270
2025-06-06,3.753810,5.102522,3.114791,78.661225,0.917504,124.964431
2025-06-09,3.798792,5.055206,3.077052,78.279505,0.913034,122.952784
2025-06-10,3.842498,5.197732,3.038402,77.799241,0.915098,122.513187
2025-06-11,3.843589,5.178250,3.038134,76.319433,0.912943,123.655320
2025-06-12,3.833639,5.093203,3.073114,76.516406,0.913525,127.505227
2025-06-13,3.824081,5.050228,3.139979,76.410679,0.919868,125.905374
2025-06-16,3.841559,5.042991,3.159228,76.147699,0.919095,125.805812
2025-06-17,3.904446,5.068685,3.140707,76.488238,0.923331,124.789740
2025-06-18,3.912187,5.094724,3.040432,77.455510,0.915095,123.550050
2025-06-19,3.870724,5.127359,3.048200,78.350854,0.912946,122.570592
2025-06-20,3.907540,5.087183,3.053696,79.052540,0.913072,124.063393
2025-06-23,3.948562,5.101358,3.067027,78.795828,0.921895,123.441869
2025-06-24,3.977427,5.048569,3.176471,78.164070,0.912905,127.206351
2025-06-25,4.010265,5.010095,3.242195,77.003266,0.912466,127.999854
2025-06-26,3.997232,4.955380,3.284879,76.408646,0.919136,126.503839
2025-06-27,3.954639,4.885998,3.240036,76.536560,0.915535,126.052072
2025-06-30,3.914951,4.940785,3.217826,75.739664,0.914562,124.908596
2025-07-01,3.840896,4.974696,3.216613,75.973499,0.916080,126.339620
2025-07-02,3.851395,5.024313,3.181376,74.997291,0.916925,123.854176
2025-07-03,3.847434,5.022178,3.210074,73.293678,0.924132,121.870112
2025-07-04,3.827445,5.060614,3.231479,74.395244,0.926207,121.104937
2025-07-07,3.694332,4.959301,3.180537,74.028846,0.932376,122.386603
2025-07-08,3.638626,5.002733,3.244056,73.275513,0.930699,124.535633
2025-07-09,3.689709,5.008264,3.252595,72.273156,0.927259,126.899144
2025-07-10,3.660242,5.038522,3.169531,72.955199,0.926214,127.877835
2025-07-11,3.677027,5.055069,3.170686,74.681663,0.920861,127.866434
2025-07-14,3.614939,4.996361,3.188464,74.384846,0.923090,129.259171
2025-07-15,3.680421,4.909783,3.240750,74.306767,0.921311,127.535378
2025-07-16,3.674418,4.866781,3.227313,75.678283,0.918221,124.708573
2025-07-17,3.687972,4.894184,3.272200,73.773575,0.920514,125.560107
2025-07-18,3.793080,4.928363,3.284869,76.167466,0.915265,124.095421
2025-07-21,3.861347,4.849212,3.222376,79.128150,0.918797,124.149976
2025-07-22,3.847307,4.791655,3.155129,76.005246,0.916603,124.499879
2025-07-23,3.820422,4.748510,3.215036,76.010885,0.921930,125.051872
2025-07-24,3.805691,4.725665,3.278375,75.311048,0.920122,126.701819
2025-07-25,3.828614,4.647649,3.297807,75.148583,0.923033,128.166121
2025-07-28,3.823764,4.566646,3.375801,74.818731,0.923862,128.596460
2025-07-29,3.805883,4.518978,3.431529,75.887608,0.927305,128.003271
2025-07-30,3.871883,4.521446,3.468384,75.879614,0.927815,128.295658
2025-07-31,3.866456,4.454228,3.425345,74.968708,0.920130,127.458765
2025-08-01,3.969672,4.445842,3.514615,74.921185,0.924783,127.269891
2025-08-04,3.973076,4.502079,3.543771,75.650660,0.924378,131.586269
2025-08-05,4.052723,4.428273,3.526704,74.444014,0.928034,131.961910
2025-08-06,4.067792,4.415005,3.495584,72.785243,0.931243,132.762683
2025-08-07,4.110054,4.469507,3.510841,75.206659,0.927649,131.706287
2025-08-08,4.076206,4.444424,3.429645,74.623612,0.923416,133.421342
2025-08-11,4.036682,4.410894,3.467310,74.625612,0.926446,134.703564
2025-08-12,4.056422,4.473043,3.422162,74.336578,0.925043,135.984293
2025-08-13,4.099881,4.454110,3.443404,75.115516,0.929384,136.368276
2025-08-14,4.100493,4.512840,3.419949,77.285703,0.928556,138.059297
2025-08-15,4.041404,4.534182,3.409448,78.041717,0.933320,140.113401
2025-08-18,3.979227,4.512989,3.374365,76.341106,0.935297,140.565225
2025-08-19,3.914289,4.537120,3.369206,74.877552,0.936645,140.376193
2025-08-20,3.834288,4.552396,3.466598,74.578692,0.934895,141.803744
2025-08-21,3.839078,4.606135,3.538385,74.435762,0.935982,140.339106
2025-08-22,3.889549,4.573352,3.558355,72.694806,0.941581,139.186979
2025-08-25,3.888587,4.573125,3.559257,73.805462,0.941326,139.109829
2025-08-26,3.786514,4.567249,3.603630,72.788338,0.943830,136.332559
2025-08-27,3.777984,4.603508,3.662114,74.648423,0.944048,137.693386
2025-08-28,3.770746,4.544509,3.622375,76.874637,0.944637,136.175790
2025-08-29,3.865183,4.598065,3.620413,76.680522,0.952812,135.459646
2025-09-01,3.799351,4.621121,3.531234,77.285293,0.958554,135.163802
2025-09-02,3.781773,4.546005,3.589664,75.948856,0.958935,135.275023
2025-09-03,3.858609,4.610076,3.694956,76.782312,0.959964,134.772428
2025-09-04,3.878624,4.730310,3.700581,76.304582,0.956601,134.716910
2025-09-05,3.903658,4.782290,3.595928,75.176845,0.955774,134.674337
2025-09-08,3.908400,4.857445,3.628389,74.991048,0.957253,134.012344
2025-09-09,3.922814,4.858511,3.585071,74.613560,0.961333,132.835109
2025-09-10,3.957315,4.763494,3.553963,74.405956,0.964941,134.637116
2025-09-11,3.920259,4.658813,3.587476,75.637782,0.959604,131.323696
2025-09-12,3.959290,4.670008,3.602254,74.877873,0.964303,131.081315
2025-09-15,3.896868,4.634569,3.579839,77.004881,0.963876,130.420263
2025-09-16,3.911257,4.581529,3.549440,75.575916,0.959131,131.186126
2025-09-17,3.918856,4.575552,3.557934,77.561857,0.965561,128.947397
2025-09-18,3.890647,4.606906,3.539629,76.459153,0.972651,128.258266
2025-09-19,3.889263,4.524377,3.486408,76.561899,0.973935,128.211908
2025-09-22,3.860892,4.497391,3.472235,76.101229,0.977392,130.041907
2025-09-23,3.812422,4.578245,3.491725,75.823430,0.981150,130.672983
2025-09-24,3.796460,4.516591,3.485253,76.863897,0.988021,128.872672
2025-09-25,3.746794,4.562161,3.417037,78.707103,0.991625,128.203983
2025-09-26,3.761533,4.533053,3.469222,80.164444,0.985064,129.739625
2025-09-29,3.709933,4.560739,3.334804,79.674184,0.995012,127.920989
2025-09-30,3.742332,4.618649,3.315547,79.904477,1.000328,127.915949
2025-10-01,3.689396,4.656745,3.287675,78.975411,0.997783,128.022196
2025-10-02,3.664356,4.703922,3.298333,77.839577,0.992660,127.524721
2025-10-03,3.636791,4.637568,3.329623,76.575470,0.995168,131.962677
2025-10-06,3.697075,4.696069,3.389042,76.174418,0.993785,131.382680
2025-10-07,3.712350,4.646187,3.356266,76.572637,0.995426,132.188477
2025-10-08,3.703173,4.657677,3.388570,74.505740,0.999133,131.040511
2025-10-09,3.726002,4.669050,3.401207,74.613047,0.996307,131.974503
2025-10-10,3.631475,4.692855,3.318425,76.489012,0.990762,133.448018
2025-10-13,3.630208,4.708417,3.416578,77.891914,0.992676,132.572795
2025-10-14,3.720775,4.658973,3.347373,77.273071,0.990032,132.559544
2025-10-15,3.727048,4.581895,3.371359,75.749577,0.990755,131.201501
2025-10-16,3.730396,4.627346,3.393771,76.398887,0.984123,129.458440
2025-10-17,3.755340,4.634858,3.410378,73.890810,0.982883,131.222728
2025-10-20,3.795821,4.695334,3.388408,75.310828,0.986403,130.424099
2025-10-21,3.705951,4.689893,3.432617,75.206088,0.989396,126.658079
2025-10-22,3.630623,4.609649,3.357268,77.444033,0.985503,129.616068
2025-10-23,3.640763,4.660148,3.356947,75.537195,0.979764,128.436555
2025-10-24,3.609231,4.636937,3.331726,76.716700,0.979841,128.157992
2025-10-27,3.669035,4.652999,3.300934,76.697491,0.982593,130.901863
2025-10-28,3.655376,4.614577,3.325568,76.414156,0.984586,130.766057
2025-10-29,3.568901,4.702355,3.382539,74.963106,0.982068,130.597058
2025-10-30,3.512765,4.651135,3.368246,75.783699,0.983531,128.726010
2025-10-31,3.390178,4.629771,3.410207,76.680664,0.990947,126.223016
2025-11-03,3.381282,4.632962,3.415454,78.861867,0.991964,126.094568
2025-11-04,3.374479,4.570160,3.373555,80.097803,0.983897,126.814118
2025-11-05,3.357081,4.585858,3.363563,79.384516,0.984897,127.434817
2025-11-06,3.407402,4.671970,3.351535,78.216225,0.995014,126.790451
2025-11-07,3.462906,4.642106,3.319696,76.678873,0.988630,126.954959
2025-11-10,3.456586,4.661071,3.344241,78.491991,0.988777,124.145874
2025-11-11,3.361899,4.507008,3.358996,77.625414,0.987658,125.040682
2025-11-12,3.391429,4.502638,3.282428,79.440021,0.988132,125.448525
2025-11-13,3.418054,4.483211,3.203122,80.085042,0.989092,128.751897
2025-11-14,3.433505,4.436060,3.227944,80.479763,0.994746,128.876346
2025-11-17,3.479137,4.493596,3.190667,80.095796,0.995168,127.479311
2025-11-18,3.428004,4.473478,3.209407,80.890594,1.001544,127.523361
2025-11-19,3.519886,4.461623,3.252016,80.844970,1.000955,127.123648
2025-11-20,3.477832,4.438831,3.191860,80.373134,0.999204,127.947944
2025-11-21,3.512836,4.331451,3.124916,81.205294,0.995866,128.111492
2025-11-24,3.438054,4.267666,3.212538,80.993770,0.986859,126.214462
2025-11-25,3.397639,4.319255,3.233666,80.000017,0.988221,123.735128
2025-11-26,3.467485,4.201731,3.216169,80.723057,0.998422,124.318430
2025-11-27,3.457075,4.158576,3.173008,80.623852,1.000712,126.688229
2025-11-28,3.496243,4.135758,3.151194,81.198368,1.004155,126.948303
2025-12-01,3.508121,4.230914,3.095460,80.611490,1.002083,128.380096
2025-12-02,3.504566,4.272063,3.143649,79.144551,1.000859,130.116790
2025-12-03,3.567121,4.240131,3.108637,81.257617,1.005799,130.642489
2025-12-04,3.557403,4.310718,3.167279,83.125856,1.015952,129.432877
2025-12-05,3.478240,4.268547,3.150978,84.138369,1.023538,129.851042
2025-12-08,3.443381,4.322773,3.102607,83.523870,1.027668,131.883848
2025-12-09,3.469611,4.246544,3.085282,83.041004,1.027848,132.812834
2025-12-10,3.488730,4.304387,2.958132,84.685991,1.028927,134.081898
2025-12-11,3.419458,4.280632,2.956661,84.093984,1.025057,133.401005
2025-12-12,3.388385,4.222742,2.952729,83.175218,1.017662,133.143229
2025-12-15,3.363854,4.209708,2.998555,85.444349,1.011944,133.021833
2025-12-16,3.349152,4.223923,2.908645,85.214785,1.012196,133.009474
2025-12-17,3.289039,4.195616,2.971504,87.339854,1.010720,134.948113
2025-12-18,3.262807,4.225101,3.017048,85.301974,1.003321,131.243154
2025-12-19,3.232168,4.191936,3.083982,85.802251,1.003134,131.379584
2025-12-22,3.269158,4.225089,3.085410,88.323916,1.001538,131.338593
2025-12-23,3.307692,4.248311,3.140163,88.101332,0.995682,129.230806
2025-12-24,3.303100,4.243767,3.070440,87.499559,0.993841,130.413325
2025-12-25,3.287446,4.218316,3.110211,85.749415,0.992247,129.349992
2025-12-26,3.295792,4.225577,3.075612,86.971661,0.989193,128.885239
2025-12-29,3.261063,4.254739,2.997139,85.757516,0.993786,131.954438
2025-12-30,3.211612,4.366919,2.945344,85.457288,0.984376,133.650852
2025-12-31,3.171655,4.416919,2.950239,83.723480,0.974650,134.633522
2026-01-01,3.145602,4.468731,2.913623,85.584834,0.974666,135.296430
2026-01-02,3.095863,4.636524,2.937172,86.904249,0.975135,135.079978
2026-01-05,3.105973,4.662156,2.851412,86.647637,0.977108,138.328182
2026-01-06,3.141586,4.685963,2.750051,84.956794,0.974478,139.628368
2026-01-07,3.072800,4.721740,2.824070,86.780153,0.970016,138.432804
2026-01-08,3.076840,4.663160,2.874364,86.094749,0.969980,136.208313
2026-01-09,3.069835,4.635892,2.826802,84.492916,0.967841,137.153170
2026-01-12,3.088124,4.605309,2.831745,82.154096,0.975376,137.092248
2026-01-13,3.090389,4.638307,2.887793,81.297082,0.973796,134.835025
2026-01-14,3.027816,4.625974,2.913602,79.504056,0.973537,135.572412
2026-01-15,2.974097,4.630873,2.925759,78.779459,0.985662,135.186245
2026-01-16,2.978724,4.687959,2.985213,79.700802,0.984703,136.083446
2026-01-19,3.028305,4.732481,2.953137,79.262177,0.987445,136.829396
2026-01-20,2.931753,4.720456,2.959283,79.708356,0.990641,135.887880
2026-01-21,2.950784,4.680524,2.962954,78.856833,0.994270,136.941552
2026-01-22,3.007714,4.740042,2.953864,78.968046,0.995710,136.175489
2026-01-23,3.003997,4.779446,2.938958,81.308153,0.996676,135.521123
2026-01-26,3.031940,4.687784,2.947245,80.844893,0.997176,134.714277
2026-01-27,3.003374,4.667610,2.953577,81.286804,0.994308,136.576694
2026-01-28,3.001189,4.673843,2.905741,79.362191,0.995928,136.162011
2026-01-29,2.931443,4.713783,2.950608,81.212063,1.006081,138.396300
2026-01-30,2.829422,4.760783,2.906386,80.596448,1.012190,141.265913
2026-02-02,2.875728,4.773155,2.900249,81.858304,1.013729,140.071303
2026-02-03,2.835101,4.802051,2.890284,81.650925,1.018076,135.396997
2026-02-04,2.818462,4.802170,2.913028,82.352931,1.013662,137.114243
2026-02-05,2.759998,4.761700,2.811821,83.113705,1.012342,136.595945
2026-02-06,2.700709,4.744084,2.861519,82.457047,1.017151,135.244087
2026-02-09,2.697284,4.741952,2.832623,83.742665,1.024743,134.349698
2026-02-10,2.668864,4.736877,2.898691,82.681192,1.020801,133.742499
2026-02-11,2.690397,4.630023,2.879588,83.568964,1.018335,135.880583
2026-02-12,2.715200,4.605441,2.882028,82.972544,1.029503,136.177635
2026-02-13,2.733977,4.605910,2.982589,83.317502,1.029999,138.269616
2026-02-16,2.748978,4.587811,2.973191,82.641318,1.039432,139.077672
2026-02-17,2.824182,4.571685,3.039641,82.622738,1.040508,138.592126
2026-02-18,2.780043,4.596038,3.045835,81.222863,1.041789,137.981633
2026-02-19,2.781651,4.534111,3.070823,81.487939,1.040199,138.900391
2026-02-20,2.836695,4.442232,3.078437,81.496900,1.045113,140.224068
2026-02-23,2.897453,4.421114,3.124916,80.794309,1.052232,141.816696
2026-02-24,2.837084,4.461256,3.094540,80.703723,1.046801,141.380067
2026-02-25,2.826879,4.552026,3.049359,80.844862,1.044958,141.646596
2026-02-26,2.891887,4.592635,3.021633,80.075627,1.049750,142.564595
2026-02-27,2.918383,4.509310,3.030932,79.918854,1.049070,141.924605
2026-03-02,2.930697,4.494293,3.024167,78.724858,1.046485,140.089455
2026-03-03,2.924378,4.506230,3.063984,81.583496,1.051781,138.798526
2026-03-04,2.910610,4.513773,3.133365,82.841219,1.057600,138.424884
2026-03-05,2.927137,4.541179,3.088440,83.094224,1.055225,139.500167
2026-03-06,2.919272,4.488377,3.055788,84.471857,1.056346,141.519529
2026-03-09,2.920878,4.489795,2.988153,81.867156,1.049982,139.334658
2026-03-10,2.927932,4.510754,3.094119,78.731282,1.045292,138.385560
2026-03-11,2.900907,4.553923,3.113376,78.298682,1.045941,137.829124
2026-03-12,2.928449,4.507193,3.141313,76.745687,1.046105,139.122380
2026-03-13,3.063076,4.485980,3.078137,76.569130,1.041060,138.286180
2026-03-16,2.986060,4.335126,3.082166,76.906763,1.037340,137.615746
2026-03-17,3.003896,4.299405,3.111700,78.068217,1.031830,135.380400
2026-03-18,2.972872,4.269165,3.103015,76.802897,1.034181,136.200048
2026-03-19,3.002163,4.211811,3.160788,77.359265,1.024056,135.979809
2026-03-20,3.007450,4.219873,3.280137,77.453921,1.018890,134.973539
2026-03-23,3.044904,4.215716,3.236063,77.934298,1.009443,134.608582
2026-03-24,3.100822,4.090397,3.188415,77.389752,1.011560,136.465689
2026-03-25,3.112277,4.101688,3.148173,79.090800,1.002483,134.893214
2026-03-26,3.165971,4.050023,3.232290,78.995180,1.002642,133.597626
2026-03-27,3.063013,4.076336,3.287879,81.156449,1.010896,135.665254
2026-03-30,3.137532,4.005329,3.284351,80.165430,1.019389,135.829841
2026-03-31,3.157059,4.006758,3.289442,81.058637,1.010226,136.943149
2026-04-01,3.208134,3.990957,3.251857,80.954186,1.011735,137.616521
2026-04-02,3.155607,4.007464,3.299751,80.528532,1.006744,137.583820
2026-04-03,3.120800,4.014092,3.283957,81.279899,1.000756,137.050703
2026-04-06,3.130084,3.999802,3.274217,80.877444,1.000188,138.410689
2026-04-07,3.131997,3.915108,3.307959,77.686247,1.006350,140.286321
2026-04-08,3.147407,3.834001,3.301728,74.263210,1.009372,142.018159
2026-04-09,3.198821,3.802351,3.293173,75.863398,1.005769,140.101223
2026-04-10,3.121790,3.802486,3.296929,77.399551,1.009321,142.188068
2026-04-13,3.168325,3.769623,3.339909,79.701026,0.998061,141.593491
2026-04-14,3.171225,3.804731,3.425274,79.689024,0.994311,140.369509
2026-04-15,3.164569,3.789955,3.457247,78.167909,0.990223,140.094889
2026-04-16,3.100911,3.737519,3.499984,77.731490,0.990611,141.423746
2026-04-17,3.126345,3.723074,3.492391,77.811933,0.989607,142.274251
2026-04-20,3.020404,3.736404,3.459432,76.709165,0.988907,141.842890
2026-04-21,3.052700,3.755127,3.494693,78.728874,0.988043,143.164727
2026-04-22,2.988545,3.859217,3.505677,81.457631,0.988154,143.356857
2026-04-23,2.994196,3.822790,3.436922,81.999695,0.990826,142.406534
2026-04-24,2.992057,3.819258,3.423171,81.925632,0.991567,141.249612
2026-04-27,3.047918,3.843218,3.421734,80.292310,0.990158,141.893492
2026-04-28,3.042887,3.842357,3.398924,82.167590,0.992149,141.742528
2026-04-29,3.014679,3.815253,3.475815,82.195743,0.996255,139.524295
2026-04-30,2.995023,3.730583,3.502304,81.773542,0.993489,140.884510
2026-05-01,3.055523,3.703365,3.573353,82.311723,0.993194,140.107225
2026-05-04,3.082634,3.645298,3.588631,81.522027,0.998981,
2026-05-05,3.068150,3.551553,3.594746,81.655648,0.993488,
2026-05-06,3.060437,3.509384,3.549937,79.858750,1.002494,
2026-05-07,2.992873,3.453557,3.552734,81.175930,0.995803,
2026-05-08,3.013583,3.487651,3.555576,81.013422,0.994085,
2026-05-11,2.937537,3.522560,3.489398,82.402783,0.989374,
2026-05-12,2.974817,3.474557,3.464864,82.081643,1.000257,
2026-05-13,2.983906,3.462146,3.451240,81.851020,0.997742,
2026-05-14,3.094583,3.361894,3.474509,80.320893,0.995247,
2026-05-15,3.047899,3.337058,3.500078,81.231739,0.993404,
2026-05-18,3.046287,3.361454,3.473412,80.134787,0.993879,
2026-05-19,3.130225,3.409179,3.499362,79.548207,0.992248,
2026-05-20,3.186517,3.372125,3.492661,79.562974,0.991589,
2026-05-21,3.157641,3.432289,3.351609,79.720879,0.974245,
2026-05-22,3.170289,3.350996,3.330367,77.714739,0.974523,
2026-05-25,3.172898,3.284773,3.387395,77.513514,0.974610,
2026-05-26,3.188094,3.326465,3.306156,78.518006,0.979684,
2026-05-27,3.159101,3.420871,3.314965,78.117481,0.986117,
2026-05-28,3.157646,3.450126,3.397369,77.910230,0.985192,
2026-05-29,3.088303,3.449907,3.362149,78.162301,0.989221,
2026-06-01,3.097230,3.331172,3.365207,78.069169,0.983788,126.436823
2026-06-02,3.120292,3.331172,3.302946,76.928039,0.987570,126.805609
2026-06-03,3.112777,3.331172,3.387496,76.976480,0.984747,124.985917
2026-06-04,3.042849,3.331172,3.386179,78.223242,0.978931,127.827679
2026-06-05,3.090361,3.331172,3.391366,77.051418,0.978023,128.019038
2026-06-08,3.109603,3.331172,3.461915,76.706186,0.984895,127.941814
2026-06-09,3.079694,3.331172,3.497541,75.227677,0.985787,130.610738
2026-06-10,3.069948,3.331172,3.456170,76.438398,0.993191,130.678954
2026-06-11,3.005338,3.331172,3.426381,76.436936,0.989480,131.412650
2026-06-12,2.962374,3.331172,3.453822,75.571548,0.994677,130.297246
2026-06-15,2.941523,3.331172,3.425201,75.805606,0.991439,128.201471
2026-06-16,3.000235,3.331172,3.322038,74.569671,0.992557,127.342877
2026-06-17,2.974657,3.331172,3.322488,73.577570,0.993633,130.968610
2026-06-18,3.006768,3.331172,3.251587,72.164542,0.996925,132.071757
2026-06-19,2.985717,3.331172,3.335795,71.238931,0.998175,132.590295
2026-06-22,3.000131,3.498497,3.347691,72.957650,0.994493,131.102195
2026-06-23,2.996968,3.521248,3.305442,72.359503,0.998880,132.649174
2026-06-24,3.039468,3.551844,3.273688,73.087077,1.007566,130.550373
2026-06-25,3.018443,3.656679,3.182524,72.371914,1.004629,128.137579
2026-06-26,2.950806,3.701440,3.131220,73.421554,0.995453,127.361984
2026-06-29,2.892015,3.614156,3.185912,72.486518,0.997941,130.615550
2026-06-30,2.871712,3.692690,3.301157,72.744099,0.996290,133.746025
2026-07-01,2.819218,3.674970,3.340673,73.009745,0.995637,133.086586
2026-07-02,2.841600,3.681964,3.339108,75.811729,0.998410,132.077001
2026-07-03,2.824474,3.612677,3.320553,76.655596,0.996134,129.531652
2026-07-06,2.935234,3.642968,3.275846,76.074275,0.994796,129.761185
2026-07-07,2.860496,3.608370,3.382131,76.976131,0.994298,130.122793
2026-07-08,2.873417,3.615246,3.375565,79.576908,1.001632,131.484855
2026-07-09,2.826366,3.600960,3.484244,77.667624,1.001782,133.027139
2026-07-10,2.808057,3.708231,3.556383,76.760401,0.995612,132.780992
2026-07-13,2.818389,3.818223,3.471518,76.583034,0.989677,133.742827
2026-07-14,2.717674,3.821308,3.440734,76.205130,0.990366,132.684377
2026-07-15,2.732660,4.473176,3.409919,75.936340,0.984789,133.616801
2026-07-16,2.822560,3.805301,3.408687,74.581748,0.977126,132.869062
2026-07-17,2.806065,3.866710,3.408437,76.329468,0.980236,133.675505
2026-07-20,2.821732,3.848953,3.561015,74.823274,0.983597,134.344352
2026-07-21,2.871767,3.826183,3.509310,74.748767,0.981788,134.510994
2026-07-22,2.868102,3.880501,3.523121,76.085446,0.983230,135.837148
2026-07-23,2.845686,3.851173,3.556254,76.165554,0.984156,133.366138
2026-07-24,2.747095,3.849492,3.558350,75.165468,0.987125,131.728610
2026-07-27,2.780152,3.762921,3.566026,73.798014,0.990114,131.379229
2026-07-28,2.779138,3.802400,3.515921,73.722105,0.977297,129.156215
2026-07-29,2.737651,3.909738,3.523582,73.068617,0.976123,128.613670
2026-07-30,2.747597,3.949567,3.551457,73.493447,0.978654,128.128124
2026-07-31,2.725541,4.029967,3.570032,72.147988,0.976647,130.342337
2026-08-03,2.706060,3.983112,3.600662,73.259955,0.976824,130.666968
2026-08-04,2.737719,3.995977,3.673289,73.581068,0.980498,132.407385
2026-08-05,2.681741,3.943920,3.721844,73.976278,0.980894,132.965991
2026-08-06,2.733343,3.931417,3.726922,75.770505,0.988318,132.179264
2026-08-07,2.674714,3.973963,3.669826,75.397317,0.993903,132.471418
2026-08-10,2.649393,3.979467,3.641547,74.713596,0.993314,133.713786
2026-08-11,2.740528,3.901654,3.632399,74.254365,0.992331,135.686090
2026-08-12,2.795497,3.829521,3.646887,74.205968,0.978289,135.517533
2026-08-13,2.803907,3.754039,3.624782,74.272114,0.976693,132.926341
2026-08-14,2.765568,3.781852,3.579897,73.516056,0.970107,130.248594
2026-08-17,2.745888,3.896039,3.522567,71.499698,0.971180,129.823848
2026-08-18,2.753402,3.971190,3.442318,71.139967,0.971923,126.184967
2026-08-19,2.759277,3.866826,3.433201,71.777281,0.975310,129.195284
2026-08-20,2.759351,3.945318,3.362385,72.158540,0.982145,130.258424
2026-08-21,2.762126,3.996839,3.315309,73.696388,0.982016,129.338773
2026-08-24,2.756631,3.911660,3.298753,76.077174,0.993277,127.669949
2026-08-25,2.695915,3.895137,3.235162,77.064800,0.994432,129.438240
2026-08-26,2.677088,3.955611,3.257609,78.767922,0.987939,127.762038
2026-08-27,2.722738,3.985862,3.297990,79.716220,0.985166,126.255255
2026-08-28,2.665472,3.913718,3.273726,81.795986,0.983332,125.167189
2026-08-31,2.661480,3.947454,3.255180,84.042694,0.986248,125.498057
