date,usd2y,usd5y,usd10y,swaption_vol,eurusd,credit_spread
2020-01-02,1.500000,1.700000,1.900000,80.000000,1.114708,130.000000
2020-01-03,1.466931,1.650787,1.848070,80.852163,1.113048,132.008276
2020-01-06,1.502024,1.718370,1.879986,80.578026,1.112153,133.760147
2020-01-07,1.573713,1.776875,1.952665,80.510688,1.109663,133.823783
2020-01-08,1.507898,1.675002,1.883154,80.088437,1.114175,135.518381
2020-01-09,1.441822,1.630798,1.840079,80.835572,1.117753,134.489597
2020-01-10,1.466984,1.663111,1.870085,79.941905,1.124292,131.631316
2020-01-13,1.451029,1.677652,1.832176,79.714809,1.122432,130.641193
2020-01-14,1.450841,1.700518,1.862266,76.956088,1.129202,129.444764
2020-01-15,1.428988,1.682957,1.837158,79.063005,1.121527,128.539137
2020-01-16,1.468100,1.750376,1.904120,78.829823,1.113768,127.118746
2020-01-17,1.524052,1.804369,1.955957,79.405462,1.107029,126.509784
2020-01-20,1.524037,1.817911,1.968447,81.179093,1.107080,127.636713
2020-01-21,1.571294,1.881511,2.025892,81.509796,1.113756,130.504758
2020-01-22,1.589887,1.893952,2.062233,83.248280,1.110408,127.839156
2020-01-23,1.553688,1.841150,2.024688,81.614536,1.107764,125.900389
2020-01-24,1.595172,1.864175,2.064428,84.552158,1.106568,124.775071
2020-01-27,1.573110,1.826336,2.001621,85.799656,1.109742,126.152507
2020-01-28,1.645464,1.904998,2.042867,85.888796,1.107095,125.963066
2020-01-29,1.686843,1.909863,2.081681,87.557767,1.104146,124.944861
2020-01-30,1.671627,1.925160,2.070916,85.803610,1.096744,126.242185
2020-01-31,1.652427,1.915683,2.042956,85.253641,1.093613,127.909987
2020-02-03,1.694631,1.983981,2.094829,86.954627,1.100070,128.000872
2020-02-04,1.684559,1.993719,2.100947,84.341983,1.100571,126.814912
2020-02-05,1.665217,1.975025,2.076806,84.919269,1.096507,127.379210
2020-02-06,1.642606,1.986641,2.065241,85.446756,1.103305,127.132189
2020-02-07,1.657571,2.033037,2.112253,87.834629,1.100081,126.875246
2020-02-10,1.679377,2.039892,2.126242,85.533543,1.107920,126.186653
2020-02-11,1.686603,2.071861,2.166380,87.448201,1.115722,127.804760
2020-02-12,1.726227,2.129568,2.207755,86.486122,1.116035,128.326521
2020-02-13,1.810980,2.245998,2.333692,85.707480,1.107704,130.100377
2020-02-14,1.844956,2.239030,2.323785,83.976973,1.120457,132.337495
2020-02-17,1.824171,2.228191,2.358872,82.497614,1.122629,133.148489
2020-02-18,1.798767,2.175074,2.344310,82.921960,1.120812,132.406641
2020-02-19,1.812902,2.223001,2.385724,81.462171,1.126183,134.147096
2020-02-20,1.894832,2.265684,2.431904,82.327043,1.130145,134.950689
2020-02-21,1.914850,2.255965,2.431619,81.442314,1.137577,139.166571
2020-02-24,1.891426,2.236763,2.421508,79.930972,1.133816,139.671069
2020-02-25,1.843481,2.206407,2.416744,79.302700,1.135623,140.790660
2020-02-26,1.882060,2.242358,2.478091,79.725175,1.128909,141.247431
2020-02-27,1.903919,2.295607,2.532411,79.402381,1.132677,141.076399
2020-02-28,1.956962,2.329669,2.544158,79.461009,1.132547,140.651569
2020-03-02,1.948634,2.301500,2.526730,80.311463,1.134139,141.115843
2020-03-03,1.967325,2.331265,2.524009,81.616555,1.133310,141.938566
2020-03-04,1.942123,2.331660,2.511868,81.189061,1.131888,143.766201
2020-03-05,1.943680,2.350265,2.532426,79.891908,1.126985,144.222700
2020-03-06,1.998535,2.397078,2.588373,79.986395,1.131448,143.439850
2020-03-09,2.033849,2.388423,2.619559,80.553487,1.139907,142.882485
2020-03-10,2.086683,2.414804,2.665626,78.791386,1.136739,140.736961
2020-03-11,2.071911,2.450772,2.683128,77.781316,1.139889,143.387534
2020-03-12,2.095688,2.478363,2.686614,77.011688,1.142355,142.487781
2020-03-13,2.144820,2.495132,2.720457,76.859721,1.142401,144.010808
2020-03-16,2.064314,2.398800,2.632720,76.078658,1.133715,144.413181
2020-03-17,2.057616,2.386379,2.591177,77.005832,1.126360,144.855020
2020-03-18,2.048905,2.394164,2.586883,75.259981,1.121971,144.618553
2020-03-19,2.024265,2.363790,2.550560,73.632396,1.110035,143.311890
2020-03-20,1.991249,2.377631,2.557794,73.447069,1.117877,141.729114
2020-03-23,2.056697,2.468130,2.652581,73.441859,1.119935,144.477367
2020-03-24,2.022020,2.436601,2.607409,72.041359,1.119767,144.614932
2020-03-25,2.067804,2.470986,2.668723,71.613438,1.107571,146.369211
2020-03-26,1.994898,2.404463,2.584140,71.420818,1.097517,148.521370
2020-03-27,1.981143,2.387489,2.544609,71.242749,1.097504,147.778801
2020-03-30,1.994691,2.416732,2.560521,71.654021,1.108370,148.378622
2020-03-31,2.033508,2.439926,2.586839,71.181355,1.104505,148.366853
2020-04-01,2.065971,2.486190,2.619465,73.032338,1.109286,146.431642
2020-04-02,2.100158,2.539504,2.694767,73.770515,1.106627,146.070558
2020-04-03,2.093630,2.524297,2.659296,73.060250,1.106933,146.949863
2020-04-06,2.051362,2.512561,2.649344,73.363342,1.113676,146.081918
2020-04-07,2.101977,2.558789,2.679727,73.691148,1.111752,145.501349
2020-04-08,2.100670,2.543453,2.690988,75.231334,1.107922,145.168949
2020-04-09,2.054128,2.509167,2.641051,74.694454,1.115806,148.495706
2020-04-10,2.027958,2.473148,2.599358,75.714869,1.116060,145.476271
2020-04-13,1.966131,2.418137,2.546616,75.887648,1.122166,146.224137
2020-04-14,1.964137,2.459836,2.564025,77.727616,1.118327,145.756554
2020-04-15,1.981715,2.460808,2.591851,79.315888,1.126221,144.673940
2020-04-16,2.018079,2.483077,2.659099,79.571087,1.127763,144.182600
2020-04-17,2.009755,2.483893,2.652379,79.271434,1.130217,145.208576
2020-04-20,2.016514,2.469497,2.651214,79.898045,1.130961,146.315728
2020-04-21,2.060322,2.523726,2.692081,79.685122,1.128106,146.550198
2020-04-22,2.068540,2.508990,2.722185,81.728748,1.128097,148.233082
2020-04-23,2.102226,2.535135,2.750967,81.772540,1.125603,150.180884
2020-04-24,2.077013,2.512989,2.748587,81.223077,1.131016,151.385277
2020-04-27,2.036138,2.509462,2.724879,80.628324,1.129869,150.397516
2020-04-28,2.038879,2.481376,2.711633,79.155934,1.121446,151.084647
2020-04-29,2.014139,2.436639,2.670568,79.844928,1.112069,151.772522
2020-04-30,2.051789,2.470102,2.705737,78.873428,1.102509,150.349786
2020-05-01,2.025403,2.430378,2.676747,80.217531,1.105921,147.735186
2020-05-04,2.043392,2.434264,2.669988,78.670370,1.099572,144.421393
2020-05-05,2.083983,2.488664,2.714387,78.860307,1.101223,144.488948
2020-05-06,2.133704,2.546004,2.760265,80.267261,1.101975,144.920922
2020-05-07,2.155035,2.598500,2.821484,77.709543,1.101618,142.980862
2020-05-08,2.153967,2.578793,2.851003,80.167926,1.104036,144.624706
2020-05-11,2.154142,2.570328,2.838133,79.653130,1.104910,144.822008
2020-05-12,2.158237,2.585934,2.834392,79.832295,1.090041,146.932912
2020-05-13,2.076263,2.515167,2.781358,80.524607,1.088278,147.456440
2020-05-14,2.028334,2.458259,2.729627,81.390508,1.090594,145.675742
2020-05-15,1.988382,2.401028,2.656671,81.683332,1.099575,146.352234
2020-05-18,1.954807,2.353771,2.598587,82.862784,1.108886,147.360889
2020-05-19,1.982471,2.370900,2.631442,83.422438,1.101354,146.411082
2020-05-20,1.947470,2.297970,2.591601,85.547673,1.099430,144.039623
2020-05-21,1.961620,2.290462,2.579309,86.047314,1.090855,144.159700
2020-05-22,2.010068,2.368276,2.664170,88.427297,1.099176,142.516752
2020-05-25,1.993129,2.365287,2.665280,89.361709,1.104757,144.285005
2020-05-26,2.031716,2.387839,2.727356,86.685450,1.106695,143.590672
2020-05-27,2.012822,2.355994,2.657533,89.931189,1.107614,146.314127
2020-05-28,1.988256,2.386048,2.657662,88.847295,1.115287,142.852332
2020-05-29,1.935175,2.343854,2.629658,90.577469,1.122062,143.039481
2020-06-01,1.896959,2.331485,2.594894,90.276937,1.128578,145.296115
2020-06-02,1.940612,2.387157,2.630136,91.393350,1.131158,143.818667
2020-06-03,1.857802,2.336993,2.540714,90.093782,1.129185,143.525759
2020-06-04,1.878029,2.349042,2.567863,90.619787,1.133524,142.845644
2020-06-05,1.905942,2.371306,2.611475,89.939332,1.138158,141.723159
2020-06-08,1.878525,2.333092,2.621896,91.771990,1.137074,142.097324
2020-06-09,1.828613,2.254642,2.546242,91.998175,1.135079,140.003676
2020-06-10,1.834945,2.264370,2.564356,92.908545,1.141529,139.826089
2020-06-11,1.830749,2.265961,2.554440,89.538329,1.151067,140.653419
2020-06-12,1.855773,2.315075,2.577882,89.121802,1.146762,140.302735
2020-06-15,1.853833,2.330271,2.591433,89.382325,1.145253,138.699381
2020-06-16,1.926765,2.414344,2.678178,89.384768,1.147264,140.360684
2020-06-17,1.940186,2.449733,2.699728,90.381530,1.150059,141.525488
2020-06-18,1.910390,2.394953,2.674649,89.558404,1.147059,139.844334
2020-06-19,1.904047,2.400991,2.671753,89.321020,1.157913,137.775318
2020-06-22,1.931017,2.388958,2.700701,90.617644,1.160359,136.274486
2020-06-23,1.979295,2.489803,2.785011,87.245845,1.163446,137.184178
2020-06-24,2.043617,2.555620,2.834874,87.791888,1.173723,137.653253
2020-06-25,2.081484,2.620421,2.875057,87.110075,1.171090,138.940853
2020-06-26,2.154700,2.679100,2.952249,85.706906,1.170573,138.429604
2020-06-29,2.113426,2.646355,2.903803,85.962776,1.163260,136.965733
2020-06-30,2.089902,2.619233,2.880260,87.371531,1.162258,138.466230
2020-07-01,2.067992,2.589531,2.808762,88.509720,1.153638,137.596050
2020-07-02,2.052732,2.546932,2.794180,88.063056,1.157960,137.918567
2020-07-03,2.005123,2.505038,2.723474,88.970818,1.160394,135.459501
2020-07-06,2.052573,2.557273,2.739926,89.849944,1.158787,134.593210
2020-07-07,2.041525,2.550551,2.757955,89.420234,1.158206,136.262312
2020-07-08,1.976881,2.489917,2.701830,88.200371,1.162624,135.153649
2020-07-09,1.922856,2.429726,2.658872,87.108557,1.156040,136.505319
2020-07-10,1.927254,2.442517,2.670375,87.985240,1.157221,132.810634
2020-07-13,1.942072,2.484682,2.720537,87.679016,1.161275,131.987501
2020-07-14,2.045170,2.564082,2.836540,86.076823,1.150973,131.793459
2020-07-15,2.203237,2.736709,2.966189,83.744528,1.154921,134.663589
2020-07-16,2.249069,2.783245,2.990262,84.679706,1.145294,132.846452
2020-07-17,2.188418,2.724320,2.961851,83.844913,1.144621,133.991577
2020-07-20,2.115846,2.623376,2.834293,84.142886,1.137982,135.742752
2020-07-21,2.155774,2.638255,2.851100,85.592468,1.146155,134.630941
2020-07-22,2.120946,2.606420,2.810700,83.758386,1.139543,134.086993
2020-07-23,2.111657,2.579517,2.794040,83.586494,1.130179,134.372729
2020-07-24,2.061646,2.538126,2.762209,83.263134,1.130933,132.058626
2020-07-27,2.066747,2.554034,2.763114,83.638391,1.128596,131.409875
2020-07-28,2.102405,2.614387,2.849913,85.093935,1.120138,133.537555
2020-07-29,2.118907,2.661852,2.857127,83.259490,1.123087,134.438427
2020-07-30,2.094914,2.659471,2.859291,83.873609,1.111959,134.243241
2020-07-31,2.066284,2.594859,2.847375,85.060719,1.106213,134.481724
2020-08-03,2.018151,2.533121,2.764256,84.667306,1.103036,135.466356
2020-08-04,1.992668,2.523888,2.775821,84.349319,1.107469,136.747548
2020-08-05,1.980139,2.538959,2.778658,84.745722,1.114666,135.889810
2020-08-06,2.029029,2.657171,2.896336,85.038038,1.120829,138.386466
2020-08-07,2.037525,2.658224,2.919405,85.627098,1.119970,140.508758
2020-08-10,2.077192,2.712737,2.975591,86.175141,1.106460,141.587283
2020-08-11,2.039115,2.688658,2.955399,84.725914,1.108624,140.222674
2020-08-12,2.003013,2.609995,2.893835,85.845886,1.116806,138.588089
2020-08-13,1.962466,2.560381,2.854200,87.176918,1.123717,138.079642
2020-08-14,1.922603,2.550351,2.839316,87.195564,1.126321,138.196070
2020-08-17,2.011598,2.671424,2.944893,85.043026,1.119642,135.384522
2020-08-18,2.000490,2.610948,2.905533,84.741226,1.116705,136.222186
2020-08-19,2.052420,2.634147,2.945958,84.842028,1.127555,138.319904
2020-08-20,2.019226,2.620018,2.923828,83.250913,1.119596,139.259063
2020-08-21,2.075266,2.672623,2.992368,82.703511,1.113189,138.184788
2020-08-24,2.080592,2.687045,3.004269,80.892770,1.118447,136.931895
2020-08-25,2.081343,2.679299,2.990465,81.605846,1.116039,137.442340
2020-08-26,2.088760,2.657483,2.999087,81.760480,1.109464,137.222630
2020-08-27,2.060688,2.652208,2.997111,79.714718,1.117972,137.959270
2020-08-28,2.093206,2.674177,3.041102,80.144670,1.120552,138.942432
2020-08-31,2.068790,2.678368,3.003630,80.072425,1.118415,140.700032
2020-09-01,2.031724,2.620119,2.945750,80.692901,1.112026,138.881634
2020-09-02,1.993239,2.582459,2.874884,80.199630,1.123469,139.247408
2020-09-03,1.962903,2.601273,2.883643,79.235303,1.123331,138.673374
2020-09-04,2.055337,2.703688,2.989103,78.346979,1.131207,138.528824
2020-09-07,2.022214,2.729108,2.978197,77.765760,1.136273,139.926590
2020-09-08,2.014834,2.738225,2.950983,77.853852,1.133317,141.484326
2020-09-09,2.049831,2.763877,2.955757,78.090511,1.130414,143.706992
2020-09-10,2.107184,2.833131,3.026780,77.923883,1.138619,144.350867
2020-09-11,2.100686,2.881198,3.051459,77.491754,1.146975,144.131331
2020-09-14,2.073284,2.848745,3.043252,77.158067,1.136262,143.685412
2020-09-15,2.142769,2.911173,3.118786,80.202695,1.139390,140.872950
2020-09-16,2.137981,2.938038,3.114597,79.274802,1.138699,143.007797
2020-09-17,2.226939,3.029280,3.210377,78.635554,1.132831,142.462681
2020-09-18,2.240133,3.035362,3.217580,82.660993,1.134315,143.247490
2020-09-21,2.176252,2.980155,3.174939,83.103049,1.126686,144.301409
2020-09-22,2.115919,2.909535,3.092556,81.307644,1.124062,142.265891
2020-09-23,2.176831,2.973660,3.174808,82.301879,1.119583,140.765877
2020-09-24,2.269540,3.068017,3.263902,81.116983,1.116789,143.233450
2020-09-25,2.279333,3.043693,3.277372,82.196465,1.116389,143.665813
2020-09-28,2.242773,2.998173,3.236982,81.870218,1.110735,142.700218
2020-09-29,2.304600,3.080830,3.310103,81.275538,1.119506,142.471060
2020-09-30,2.250490,3.034494,3.243377,83.221690,1.122271,144.184329
2020-10-01,2.238741,3.000116,3.212599,83.832402,1.132386,145.637389
2020-10-02,2.251431,3.047122,3.259122,84.945565,1.131480,143.235284
2020-10-05,2.265607,2.997668,3.264548,85.347821,1.128380,145.817785
2020-10-06,2.271016,2.978394,3.259027,84.616307,1.138344,147.305444
2020-10-07,2.252351,3.006801,3.269595,85.252233,1.135059,146.988429
2020-10-08,2.262403,3.010703,3.310823,86.647218,1.134047,145.011789
2020-10-09,2.315749,3.098428,3.354122,86.614863,1.138138,146.648085
2020-10-12,2.305915,3.095064,3.371260,88.775679,1.131116,147.343888
2020-10-13,2.340583,3.133551,3.420099,89.635142,1.135146,144.937972
2020-10-14,2.240834,3.018807,3.321609,89.614359,1.138462,144.517267
2020-10-15,2.211479,3.029393,3.302908,89.647310,1.145710,149.473971
2020-10-16,2.176334,2.991197,3.281378,89.525729,1.150820,149.405634
2020-10-19,2.103559,2.923672,3.207635,87.565098,1.158325,148.124425
2020-10-20,2.061640,2.864173,3.166765,87.210151,1.157685,146.429586
2020-10-21,2.040482,2.855503,3.154037,87.273748,1.152702,149.200649
2020-10-22,2.072857,2.887530,3.212702,86.504613,1.164928,150.465057
2020-10-23,2.054443,2.829465,3.143373,86.740227,1.156069,152.612309
2020-10-26,2.063588,2.879578,3.137619,86.557648,1.147853,152.883283
2020-10-27,2.053831,2.881130,3.120145,87.361309,1.151101,154.760881
2020-10-28,2.019640,2.880282,3.124771,88.001900,1.160491,153.255959
2020-10-29,2.059112,2.935654,3.212993,87.970871,1.161592,153.383545
2020-10-30,2.092144,2.935401,3.217721,85.939898,1.167410,153.708995
2020-11-02,2.139779,2.987352,3.289634,88.090120,1.155819,155.783821
2020-11-03,2.153850,3.004612,3.268055,87.649158,1.152935,156.136131
2020-11-04,2.112508,2.958699,3.254858,87.303386,1.142183,154.973951
2020-11-05,2.105387,2.939217,3.232520,86.628647,1.146649,154.926730
2020-11-06,2.113408,2.953186,3.236597,85.791185,1.137812,152.095201
2020-11-09,2.130149,2.948620,3.238913,87.617473,1.130566,148.260699
2020-11-10,2.081119,2.875258,3.189803,89.214403,1.133475,149.508239
2020-11-11,2.087655,2.883451,3.202935,89.517839,1.139509,148.813566
2020-11-12,2.100525,2.884728,3.225119,89.072717,1.138604,148.307163
2020-11-13,2.202495,3.008441,3.347684,89.614493,1.141854,149.553606
2020-11-16,2.295718,3.097428,3.418101,89.408817,1.144929,151.693286
2020-11-17,2.269317,3.064899,3.392169,88.857163,1.143696,152.431534
2020-11-18,2.261923,3.049494,3.380544,89.028065,1.137453,155.392135
2020-11-19,2.199566,2.973443,3.332873,88.157637,1.140670,156.042517
2020-11-20,2.193236,2.956412,3.296578,88.234453,1.144173,156.365633
2020-11-23,2.209383,2.974538,3.288912,88.245411,1.149299,156.586599
2020-11-24,2.262026,3.036942,3.348684,88.785459,1.151093,154.363940
2020-11-25,2.238954,3.010288,3.338062,87.690182,1.144388,155.749898
2020-11-26,2.243625,2.990982,3.312741,88.385549,1.148344,151.679654
2020-11-27,2.138427,2.879870,3.211036,86.931753,1.148337,150.624853
2020-11-30,2.150034,2.876981,3.192869,85.973745,1.145568,150.555293
2020-12-01,2.082589,2.812515,3.174534,85.110263,1.143882,149.186120
2020-12-02,2.070410,2.774904,3.136586,83.597132,1.139941,148.371449
2020-12-03,2.064467,2.746565,3.087247,84.768556,1.145018,151.230736
2020-12-04,2.074938,2.753899,3.096021,83.400303,1.136928,152.884866
2020-12-07,2.010127,2.674240,2.986933,82.427526,1.131294,151.658694
2020-12-08,1.946625,2.607202,2.942484,83.919145,1.129436,150.790800
2020-12-09,2.044563,2.724885,3.057954,83.084671,1.138586,148.639686
2020-12-10,1.993263,2.674019,3.015675,82.756542,1.144604,149.681279
2020-12-11,1.942019,2.637345,2.977092,81.426953,1.135252,149.184878
2020-12-14,2.022677,2.754094,3.065933,82.406986,1.142948,145.946683
2020-12-15,2.155695,2.909365,3.190443,83.386127,1.150686,146.048470
2020-12-16,2.100927,2.875407,3.136371,84.210741,1.143951,146.690352
2020-12-17,2.079750,2.864245,3.107081,84.761934,1.129620,148.164474
2020-12-18,2.080157,2.897080,3.135053,84.708487,1.129212,147.965461
2020-12-21,2.166153,2.996575,3.233736,83.900743,1.135567,147.289533
2020-12-22,2.139340,2.952834,3.214287,82.763049,1.144638,150.394661
2020-12-23,2.139172,2.931642,3.212210,84.294079,1.139665,150.301252
2020-12-24,2.193533,2.988191,3.267453,85.133034,1.149692,151.349539
2020-12-25,2.219696,3.062507,3.286573,84.095236,1.136956,150.372780
2020-12-28,2.216138,3.040071,3.264316,84.019566,1.134866,151.372907
2020-12-29,2.221487,3.037890,3.268957,83.519261,1.132501,148.930172
2020-12-30,2.168248,2.962037,3.200977,82.011756,1.139045,148.101562
2020-12-31,2.156539,2.945332,3.197637,82.169344,1.146463,146.087308
2021-01-01,2.185897,2.961286,3.171538,81.593307,1.151946,145.058477
2021-01-04,2.195222,2.966122,3.172036,80.388213,1.144193,147.008645
2021-01-05,2.167916,2.933021,3.159701,78.612864,1.149139,145.958837
2021-01-06,2.201060,2.935179,3.200069,76.830603,1.152067,147.048458
2021-01-07,2.254158,2.979588,3.235721,76.496451,1.142481,149.405598
2021-01-08,2.245311,2.962974,3.257340,76.501580,1.130734,149.267418
2021-01-11,2.283671,2.995939,3.268776,75.605070,1.136618,150.764771
2021-01-12,2.290535,3.049470,3.274883,76.476196,1.135594,151.506861
2021-01-13,2.279492,3.046930,3.301019,76.504361,1.128321,151.578092
2021-01-14,2.273341,2.984806,3.283073,77.272752,1.127147,152.662816
2021-01-15,2.302454,3.020332,3.314145,77.141260,1.129200,155.480089
2021-01-18,2.284883,3.006769,3.343441,76.319095,1.128733,154.305657
2021-01-19,2.406796,3.141970,3.434200,76.557955,1.120008,152.627879
2021-01-20,2.489038,3.222892,3.495448,75.220762,1.130617,150.872937
2021-01-21,2.510443,3.235421,3.504494,75.972151,1.136308,152.355293
2021-01-22,2.507786,3.195325,3.466658,75.027851,1.134404,154.038728
2021-01-25,2.468360,3.152774,3.378599,76.214970,1.132732,153.039082
2021-01-26,2.523629,3.214547,3.434522,75.939360,1.134769,149.491069
2021-01-27,2.529692,3.222926,3.440845,77.280053,1.128378,148.316548
2021-01-28,2.564026,3.247653,3.478837,76.068500,1.130200,149.109949
2021-01-29,2.502520,3.137755,3.404425,75.412985,1.122705,148.912092
2021-02-01,2.547158,3.196242,3.441426,75.979602,1.122309,149.111528
2021-02-02,2.559238,3.193111,3.475075,77.445094,1.115771,148.183061
2021-02-03,2.519238,3.130526,3.436670,79.482914,1.109551,149.723773
2021-02-04,2.503347,3.121833,3.404621,79.547721,1.118718,150.175643
2021-02-05,2.499180,3.144040,3.411941,81.784961,1.119050,151.012228
2021-02-08,2.483967,3.159907,3.381318,81.376490,1.120211,151.156611
2021-02-09,2.485567,3.146672,3.352790,82.686482,1.109001,151.884033
2021-02-10,2.446435,3.164073,3.338917,81.445373,1.105696,152.498908
2021-02-11,2.444352,3.169517,3.331230,81.916330,1.108249,150.888999
2021-02-12,2.448874,3.188110,3.326293,79.032789,1.109325,151.377010
2021-02-15,2.536628,3.283787,3.390764,77.742638,1.097442,152.529653
2021-02-16,2.425547,3.164581,3.252370,78.356012,1.098579,154.252583
2021-02-17,2.431170,3.147949,3.247307,76.876407,1.100594,154.775829
2021-02-18,2.438006,3.137876,3.265932,77.462822,1.107681,153.083670
2021-02-19,2.457721,3.163676,3.289762,78.599224,1.104058,151.654725
2021-02-22,2.458693,3.156493,3.275599,78.051743,1.091751,150.841941
2021-02-23,2.382652,3.085923,3.170915,76.982438,1.086323,151.036664
2021-02-24,2.417518,3.090866,3.180166,76.525039,1.080380,150.730719
2021-02-25,2.480817,3.169593,3.259042,75.524951,1.084367,148.825441
2021-02-26,2.425756,3.100075,3.183306,75.540715,1.069737,146.929634
2021-03-01,2.481974,3.147532,3.229069,75.786773,1.067342,143.502703
2021-03-02,2.483503,3.101922,3.239972,75.562242,1.074978,138.476516
2021-03-03,2.515647,3.108390,3.253595,77.616824,1.075017,138.280900
2021-03-04,2.464516,3.025550,3.191233,76.853454,1.079845,142.010460
2021-03-05,2.434505,2.995883,3.189968,78.568881,1.071017,144.865203
2021-03-08,2.479655,3.090458,3.265460,77.393178,1.062473,143.251380
2021-03-09,2.519734,3.155007,3.283388,77.554750,1.070135,143.458712
2021-03-10,2.605773,3.228554,3.382327,79.016919,1.070677,141.080797
2021-03-11,2.661916,3.287595,3.438344,80.399125,1.071230,138.970614
2021-03-12,2.667768,3.313960,3.439055,79.881967,1.065258,137.064952
2021-03-15,2.757843,3.437715,3.531578,80.553412,1.065795,136.733504
2021-03-16,2.761743,3.454499,3.558126,81.047171,1.059706,136.474234
2021-03-17,2.818735,3.491860,3.595816,80.362055,1.066013,136.913815
2021-03-18,2.854060,3.504117,3.583192,81.096994,1.080652,138.005823
2021-03-19,2.866294,3.503104,3.576822,83.360510,1.083270,137.486755
2021-03-22,2.849502,3.480465,3.555735,83.848850,1.079836,137.569811
2021-03-23,2.887574,3.509420,3.604051,84.445085,1.066243,135.844013
2021-03-24,2.813554,3.446588,3.552945,85.162528,1.057300,133.734377
2021-03-25,2.841318,3.461765,3.597919,83.160363,1.065552,131.398678
2021-03-26,2.820282,3.436039,3.572299,83.639163,1.060083,132.523488
2021-03-29,2.851482,3.513516,3.615438,82.263369,1.058119,132.057600
2021-03-30,2.913518,3.553758,3.617307,81.470471,1.061592,129.143232
2021-03-31,2.998256,3.645366,3.714514,84.109821,1.069489,129.150857
2021-04-01,3.038207,3.672313,3.731113,83.665066,1.068423,127.261234
2021-04-02,2.970019,3.587377,3.660316,82.630186,1.066263,130.045228
2021-04-05,2.967849,3.590367,3.664883,83.989631,1.066645,129.218661
2021-04-06,2.936446,3.546889,3.620855,82.683345,1.063303,130.416884
2021-04-07,2.917485,3.477347,3.578840,82.049043,1.060256,132.255056
2021-04-08,2.993087,3.544459,3.651405,83.537382,1.062442,130.804620
2021-04-09,3.020262,3.582144,3.710289,83.482557,1.063427,131.018249
2021-04-12,2.988561,3.545346,3.706389,81.445609,1.074822,131.993615
2021-04-13,2.927300,3.500624,3.675890,82.068807,1.077183,132.258553
2021-04-14,2.901762,3.508624,3.684576,81.519730,1.083400,132.913729
2021-04-15,2.849884,3.441551,3.612460,83.377483,1.077613,130.857184
2021-04-16,2.826170,3.399597,3.594223,82.520351,1.080446,131.835070
2021-04-19,2.823482,3.414027,3.608468,83.753903,1.076547,131.138857
2021-04-20,2.875716,3.495946,3.674149,85.896455,1.078678,131.786590
2021-04-21,2.905985,3.517381,3.694470,84.626287,1.082398,133.340707
2021-04-22,2.779505,3.398033,3.584853,84.239185,1.082668,134.477393
2021-04-23,2.782386,3.419258,3.603965,84.600533,1.095778,135.090571
2021-04-26,2.795766,3.451310,3.613327,83.379540,1.103630,136.167070
2021-04-27,2.823239,3.469952,3.642820,83.614429,1.110145,137.306857
2021-04-28,2.877754,3.572607,3.711815,83.222405,1.114396,139.726591
2021-04-29,2.796624,3.486688,3.594065,82.818867,1.124265,139.674844
2021-04-30,2.791363,3.456509,3.594291,82.793627,1.116216,139.940426
2021-05-03,2.832337,3.485904,3.664392,82.796876,1.123890,141.432329
2021-05-04,2.767856,3.399396,3.598483,82.915136,1.118333,140.633386
2021-05-05,2.827207,3.474625,3.649016,82.085510,1.115182,138.490624
2021-05-06,2.836997,3.510142,3.655797,81.341951,1.118317,139.294886
2021-05-07,2.883846,3.560120,3.705848,81.156875,1.125234,138.972299
2021-05-10,2.866366,3.535716,3.702010,81.067483,1.118762,137.050532
2021-05-11,2.914194,3.561139,3.722576,80.503570,1.115899,137.880894
2021-05-12,2.964952,3.602447,3.772656,80.880469,1.116443,140.191898
2021-05-13,2.990732,3.651966,3.788145,78.682642,1.115403,137.582391
2021-05-14,3.005337,3.662456,3.814418,77.863999,1.120177,139.242287
2021-05-17,3.032016,3.664780,3.822820,77.600718,1.139587,135.190556
2021-05-18,3.011968,3.644685,3.757866,76.680577,1.141979,134.598192
2021-05-19,2.996509,3.642902,3.762261,78.677543,1.137789,137.597035
2021-05-20,2.965466,3.645833,3.774517,78.739171,1.130437,137.095747
2021-05-21,3.008755,3.664819,3.792635,78.985862,1.128600,137.268691
2021-05-24,3.058150,3.712992,3.847719,78.445424,1.123306,138.516590
2021-05-25,2.989985,3.655647,3.790979,78.473043,1.125936,135.785066
2021-05-26,2.976961,3.627098,3.772670,77.100095,1.128483,135.942567
2021-05-27,3.054775,3.704519,3.860639,76.989182,1.125873,136.085882
2021-05-28,3.022008,3.671512,3.832645,76.002075,1.137102,139.104737
2021-05-31,2.982472,3.660572,3.802696,75.802977,1.132929,137.136504
2021-06-01,3.015841,3.673769,3.837665,73.065441,1.132252,136.554676
2021-06-02,3.038582,3.679979,3.861684,72.035250,1.135877,135.103760
2021-06-03,3.029836,3.680082,3.854283,73.866589,1.140954,133.497664
2021-06-04,3.092370,3.796698,3.920714,74.971614,1.148266,135.366532
2021-06-07,3.137440,3.856716,3.952893,76.618814,1.150729,135.455509
2021-06-08,3.183324,3.887594,4.005945,78.331827,1.156791,134.612046
2021-06-09,3.223238,3.926778,4.029530,79.176615,1.152951,133.837372
2021-06-10,3.327037,4.036363,4.123992,78.665000,1.158255,132.997835
2021-06-11,3.327779,4.002577,4.115245,77.489652,1.163507,132.309772
2021-06-14,3.240951,3.891576,4.023097,78.909533,1.172341,130.363561
2021-06-15,3.311996,3.977380,4.114399,79.018524,1.162602,130.045959
2021-06-16,3.296246,3.921913,4.099012,82.061008,1.157341,129.570768
2021-06-17,3.306131,3.908413,4.111553,81.550578,1.162114,128.462586
2021-06-18,3.375369,3.977351,4.178652,83.951643,1.146809,128.826034
2021-06-21,3.317844,3.886468,4.099465,83.633373,1.149634,129.321597
2021-06-22,3.267519,3.827775,4.028683,85.212735,1.155742,128.537745
2021-06-23,3.189487,3.724023,3.957830,87.243891,1.152416,128.421753
2021-06-24,3.159385,3.695297,3.915443,85.692291,1.149940,131.991334
2021-06-25,3.180109,3.699503,3.964219,84.895901,1.143781,135.464114
2021-06-28,3.207728,3.755500,4.011200,83.441780,1.140802,133.822928
2021-06-29,3.255714,3.741990,4.034829,81.813012,1.137996,132.421583
2021-06-30,3.190089,3.650502,3.974318,82.580206,1.134117,130.802322
2021-07-01,3.101327,3.537686,3.864060,82.258628,1.129942,132.585585
2021-07-02,3.122852,3.570079,3.847256,82.254536,1.128412,132.022082
2021-07-05,3.107116,3.552166,3.822454,82.874578,1.126816,132.485340
2021-07-06,3.165267,3.587257,3.846942,80.512182,1.137424,135.755634
2021-07-07,3.191679,3.625773,3.884876,82.065568,1.135185,135.781334
2021-07-08,3.204942,3.617106,3.899846,81.574554,1.137140,136.953519
2021-07-09,3.227185,3.650040,3.951471,82.180551,1.133864,137.816657
2021-07-12,3.233764,3.642932,3.951761,82.882389,1.130527,136.897343
2021-07-13,3.262274,3.650492,3.966437,84.514462,1.120933,138.623028
2021-07-14,3.247638,3.621511,3.956995,84.242785,1.112161,137.277276
2021-07-15,3.247159,3.594589,3.961489,81.475151,1.105469,139.448311
2021-07-16,3.277055,3.611675,3.965060,81.500312,1.106485,138.513907
2021-07-19,3.312387,3.634188,4.002710,81.700494,1.112455,137.764019
2021-07-20,3.292578,3.619794,3.982808,80.392037,1.102561,136.044798
2021-07-21,3.358231,3.640224,4.008453,80.558275,1.099539,134.605535
2021-07-22,3.354819,3.651116,4.003853,80.106495,1.092049,133.976657
2021-07-23,3.340564,3.651581,4.039521,78.506052,1.090607,130.146733
2021-07-26,3.366806,3.716942,4.082084,79.345641,1.096489,129.871934
2021-07-27,3.269754,3.600805,3.998495,78.696921,1.094042,129.160456
2021-07-28,3.231449,3.535229,3.910362,78.257214,1.093782,130.532869
2021-07-29,3.165437,3.442801,3.833151,77.767461,1.101770,131.304309
2021-07-30,3.071244,3.315654,3.743563,79.289395,1.104295,130.259046
2021-08-02,3.044498,3.278268,3.719367,79.261960,1.100106,129.622775
2021-08-03,3.090463,3.308045,3.685640,79.378128,1.100981,129.351158
2021-08-04,3.068232,3.275315,3.684674,78.873668,1.096435,131.835177
2021-08-05,3.062983,3.264680,3.726605,79.456986,1.098742,130.601138
2021-08-06,3.115444,3.285258,3.747493,81.098130,1.101577,129.543509
2021-08-09,3.183573,3.339758,3.836228,81.856591,1.094072,127.842340
2021-08-10,3.188228,3.349096,3.789346,82.647416,1.095031,125.592653
2021-08-11,3.235471,3.395610,3.869771,83.320974,1.094387,126.227932
2021-08-12,3.252044,3.379720,3.874913,81.514136,1.097372,126.690298
2021-08-13,3.207383,3.368156,3.798312,80.404664,1.101943,128.875814
2021-08-16,3.176595,3.328677,3.778573,80.145682,1.104577,130.653311
2021-08-17,3.101959,3.258989,3.728325,79.273465,1.102903,134.582164
2021-08-18,3.087201,3.225996,3.693637,78.039031,1.108062,134.518146
2021-08-19,3.084653,3.221244,3.687740,75.934490,1.103236,134.156117
2021-08-20,3.130802,3.240735,3.720792,74.532683,1.095976,132.134194
2021-08-23,3.225432,3.329839,3.773764,74.404283,1.078605,133.327377
2021-08-24,3.212531,3.232790,3.720795,74.488705,1.078227,133.583758
2021-08-25,3.205208,3.297244,3.769099,73.765642,1.073807,134.689947
2021-08-26,3.152227,3.218613,3.739372,74.033001,1.075944,132.920448
2021-08-27,3.165418,3.228840,3.731252,73.724039,1.065392,133.553811
2021-08-30,3.149328,3.207415,3.702113,75.123878,1.061950,133.946592
2021-08-31,3.057929,3.089388,3.603412,75.083492,1.064450,134.229582
2021-09-01,3.095547,3.164131,3.623669,76.016351,1.058983,133.194061
2021-09-02,3.054070,3.176189,3.597650,76.365346,1.061152,135.165040
2021-09-03,3.039627,3.143342,3.580728,74.880452,1.058201,138.493881
2021-09-06,2.998223,3.068398,3.509125,74.927203,1.058027,136.732392
2021-09-07,2.981157,3.000154,3.493042,73.695957,1.061180,137.917779
2021-09-08,3.010336,3.022276,3.525408,73.757928,1.066248,133.334041
2021-09-09,3.014765,3.010770,3.509917,73.116106,1.066741,134.470476
2021-09-10,3.026063,3.020826,3.525054,73.734990,1.062408,131.533524
2021-09-13,3.077084,3.047212,3.513067,72.442172,1.059978,130.778241
2021-09-14,3.139433,3.126628,3.572571,72.674189,1.063359,128.769619
2021-09-15,3.098937,3.117381,3.558574,73.512373,1.057943,128.536944
2021-09-16,3.023868,3.038050,3.493556,74.709320,1.057002,129.993645
2021-09-17,3.045340,3.079136,3.552601,74.009613,1.054964,127.122007
2021-09-20,3.034607,3.076416,3.543036,74.202378,1.054419,126.675620
2021-09-21,3.082932,3.138507,3.593761,74.575745,1.049112,125.987473
2021-09-22,3.094810,3.176726,3.618543,76.487593,1.039442,128.657277
2021-09-23,3.123010,3.186194,3.630408,74.907614,1.042152,129.461521
2021-09-24,3.148910,3.183686,3.647256,74.036790,1.047188,127.683359
2021-09-27,3.245190,3.264911,3.746531,77.397386,1.037846,127.052454
2021-09-28,3.320928,3.363786,3.843254,77.157498,1.039762,129.671697
2021-09-29,3.310413,3.352059,3.837143,75.081124,1.045409,130.917964
2021-09-30,3.319712,3.375502,3.854202,74.569730,1.048528,129.539611
2021-10-01,3.369809,3.440066,3.897180,71.687064,1.046346,129.216902
2021-10-04,3.307219,3.416232,3.864186,72.183798,1.041422,128.948558
2021-10-05,3.320503,3.442461,3.881350,73.291653,1.041843,128.198302
2021-10-06,3.321544,3.446634,3.876103,72.486416,1.043135,125.579979
2021-10-07,3.333424,3.485202,3.886569,72.189684,1.043635,124.639985
2021-10-08,3.287538,3.451280,3.839790,73.422751,1.042695,127.016304
2021-10-11,3.214067,3.371150,3.739073,71.704564,1.037066,126.536309
2021-10-12,3.126023,3.289692,3.648567,70.528367,1.039260,126.505740
2021-10-13,3.082860,3.235731,3.601215,70.553664,1.041710,126.865524
2021-10-14,3.075632,3.209460,3.595191,70.025411,1.042756,130.545895
2021-10-15,3.082752,3.183020,3.574769,69.996500,1.043335,130.654636
2021-10-18,3.163021,3.299351,3.699105,68.957917,1.052132,132.498402
2021-10-19,3.205327,3.380625,3.746939,69.488900,1.048853,131.616330
2021-10-20,3.173749,3.331657,3.688712,69.627132,1.055594,131.285128
2021-10-21,3.200353,3.374269,3.690804,70.496168,1.051727,131.392361
2021-10-22,3.178858,3.322225,3.645234,70.977178,1.057575,130.239824
2021-10-25,3.181472,3.308910,3.658289,71.453636,1.064117,130.011478
2021-10-26,3.206848,3.320511,3.690920,70.157556,1.062559,131.532244
2021-10-27,3.255270,3.343277,3.731543,70.956774,1.071420,130.336339
2021-10-28,3.270449,3.367892,3.702520,70.860032,1.073936,130.433118
2021-10-29,3.304234,3.424839,3.783650,70.940903,1.069235,131.662760
2021-11-01,3.258138,3.360286,3.725197,72.325483,1.067237,130.426987
2021-11-02,3.260747,3.363412,3.722662,71.765977,1.073299,132.275379
2021-11-03,3.371253,3.468261,3.870284,73.474378,1.078264,132.469239
2021-11-04,3.372417,3.469136,3.892379,75.275640,1.072575,132.280350
2021-11-05,3.411894,3.562618,3.996514,76.269601,1.071828,129.144510
2021-11-08,3.418742,3.558419,4.005268,75.263681,1.072919,128.655285
2021-11-09,3.433012,3.576514,4.026739,72.968962,1.070200,129.363280
2021-11-10,3.433401,3.596985,4.014486,74.364336,1.082891,132.262200
2021-11-11,3.415450,3.611936,3.977001,74.652107,1.084157,133.248200
2021-11-12,3.367112,3.581123,3.936109,73.975682,1.083822,135.117664
2021-11-15,3.390645,3.597510,3.975575,75.466479,1.090294,133.231920
2021-11-16,3.358591,3.550299,3.945417,74.627967,1.088305,133.096685
2021-11-17,3.397413,3.573284,3.977866,74.309465,1.093801,135.118913
2021-11-18,3.478536,3.614967,4.013692,75.062818,1.084718,133.747350
2021-11-19,3.499587,3.618000,4.035042,73.960586,1.082260,135.354232
2021-11-22,3.496143,3.593973,4.038073,74.013311,1.087952,136.573999
2021-11-23,3.499986,3.601833,4.066748,75.408157,1.096527,137.047817
2021-11-24,3.468341,3.560844,4.054957,75.781595,1.092296,136.551414
2021-11-25,3.533574,3.615086,4.086578,77.338507,1.087447,135.007828
2021-11-26,3.442987,3.524423,4.013919,78.744707,1.090537,137.898356
2021-11-29,3.414167,3.537055,3.947914,78.791223,1.087145,138.930353
2021-11-30,3.330917,3.423218,3.860461,76.112098,1.085686,139.486035
2021-12-01,3.268179,3.351972,3.832070,74.972039,1.090454,138.830615
2021-12-02,3.314106,3.431050,3.873392,75.983224,1.087491,138.902904
2021-12-03,3.349217,3.475763,3.912781,74.351529,1.076857,139.177422
2021-12-06,3.339499,3.452449,3.879347,74.150775,1.069874,139.825449
2021-12-07,3.265404,3.388728,3.801659,74.698164,1.069927,141.002139
2021-12-08,3.120738,3.241169,3.679233,76.520311,1.060005,139.740163
2021-12-09,3.114966,3.211249,3.662804,75.964416,1.058431,137.396206
2021-12-10,3.227638,3.335000,3.781571,75.351630,1.051089,137.557094
2021-12-13,3.238776,3.337314,3.816275,75.427709,1.059743,134.785975
2021-12-14,3.193025,3.296943,3.791194,75.959777,1.071278,134.320258
2021-12-15,3.203670,3.313491,3.865681,75.902144,1.065625,133.562351
2021-12-16,3.139200,3.215428,3.795172,77.227948,1.066994,134.413525
2021-12-17,3.147196,3.210166,3.785465,76.388503,1.061883,137.641545
2021-12-20,3.138073,3.238395,3.763871,76.632438,1.060242,134.553785
2021-12-21,3.135780,3.221510,3.752383,77.245513,1.069845,138.246943
2021-12-22,3.182263,3.270600,3.809693,76.863911,1.067352,137.891553
2021-12-23,3.162689,3.274037,3.805648,77.931624,1.065826,138.469131
2021-12-24,3.209400,3.306638,3.803694,78.167351,1.060815,136.220709
2021-12-27,3.164467,3.261581,3.772818,79.152785,1.066912,137.853496
2021-12-28,3.210084,3.321454,3.838709,79.408938,1.049645,137.941317
2021-12-29,3.285126,3.397919,3.917539,79.876323,1.047324,137.863556
2021-12-30,3.262836,3.366266,3.866933,79.125881,1.047084,134.785104
2021-12-31,3.235916,3.317982,3.795902,78.406594,1.043629,134.955328
2022-01-03,3.258105,3.379594,3.867632,79.908125,1.048144,136.359100
2022-01-04,3.240111,3.350843,3.870160,80.676285,1.054463,136.017464
2022-01-05,3.303845,3.431021,3.908816,79.427738,1.047044,137.936008
2022-01-06,3.284116,3.424922,3.906916,79.660669,1.058062,139.769280
2022-01-07,3.355059,3.507824,3.988897,76.883928,1.050559,138.745835
2022-01-10,3.374539,3.554009,4.013810,76.315773,1.057350,141.310558
2022-01-11,3.396518,3.593087,4.035780,77.533451,1.058142,141.369925
2022-01-12,3.461010,3.671325,4.120632,77.460784,1.055481,141.435818
2022-01-13,3.418673,3.648158,4.111816,77.673033,1.053322,141.579830
2022-01-14,3.373393,3.607939,4.081217,74.302750,1.053146,141.674937
2022-01-17,3.362532,3.571763,4.030754,74.030748,1.054244,137.449974
2022-01-18,3.366642,3.616521,4.028255,74.580643,1.049405,137.178664
2022-01-19,3.311867,3.541896,3.942571,75.261198,1.048178,135.024563
2022-01-20,3.354748,3.581220,3.971282,76.495499,1.044147,137.676454
2022-01-21,3.335695,3.565988,3.952550,76.357166,1.037823,140.237423
2022-01-24,3.338978,3.656530,4.012700,76.274234,1.033590,141.598150
2022-01-25,3.219912,3.535150,3.917723,74.872313,1.027664,141.200620
2022-01-26,3.217975,3.493711,3.899728,74.791453,1.025508,139.575790
2022-01-27,3.140576,3.432484,3.806647,73.537809,1.027727,138.527903
2022-01-28,3.077759,3.407492,3.772557,71.708439,1.028348,141.650851
2022-01-31,3.110118,3.417255,3.771928,70.782606,1.038550,140.526826
2022-02-01,3.090755,3.391481,3.738691,77.481157,1.018093,129.214701
2022-02-02,3.112422,3.363723,3.719713,78.075596,1.022403,134.267348
2022-02-03,3.107754,3.359247,3.533854,80.411785,1.022462,141.527089
2022-02-04,3.157483,3.325351,3.681558,80.058503,1.029995,149.476054
2022-02-07,3.048845,3.091790,3.567402,75.265299,1.036658,154.365364
2022-02-08,3.173708,3.161679,3.641107,80.144621,1.035120,159.989005
2022-02-09,3.365357,3.220456,3.830208,74.060914,1.036730,160.043198
2022-02-10,3.460744,3.251506,3.869167,73.780515,1.029810,149.876547
2022-02-11,3.459800,3.373678,3.955523,75.182856,1.035514,149.911611
2022-02-14,3.519375,3.414070,3.974644,77.557269,1.018151,152.796044
2022-02-15,3.831354,3.745902,4.343977,76.563009,1.025294,152.018787
2022-02-16,3.875666,3.671463,4.325560,71.921944,1.025080,151.030586
2022-02-17,3.816721,3.601104,4.288278,70.922224,1.020596,146.292513
2022-02-18,3.774798,3.513615,4.238716,70.130744,1.018463,141.421242
2022-02-21,3.686735,3.383060,4.119868,69.295522,1.017005,150.230143
2022-02-22,3.647983,3.153321,3.940450,74.084073,1.028948,159.124704
2022-02-23,3.501226,3.024963,3.868557,71.647015,1.059332,158.920751
2022-02-24,3.470045,3.128131,3.982155,74.251804,1.071027,160.082856
2022-02-25,3.499654,3.183068,4.045439,76.376926,1.065591,155.173909
2022-02-28,3.484728,3.159314,4.058564,81.381644,1.071648,158.106529
2022-03-01,3.347802,3.033435,3.958273,82.393239,1.078162,166.371780
2022-03-02,3.336363,3.183201,4.150010,86.927830,1.069222,158.767755
2022-03-03,3.411973,3.294864,4.225840,87.680107,1.057158,160.806717
2022-03-04,3.410311,3.270820,4.189213,90.862821,1.056556,163.185956
2022-03-07,3.306278,3.098342,4.021824,86.207492,1.064264,165.486608
2022-03-08,3.467122,3.139526,4.042785,77.839649,1.048937,173.117267
2022-03-09,3.492919,3.164798,4.044675,80.746940,1.042154,182.558982
2022-03-10,3.369983,2.932055,3.836562,83.872917,1.047539,181.012670
2022-03-11,3.375139,2.896971,3.913479,87.194420,1.047932,183.833777
2022-03-14,3.448210,2.933460,3.977343,86.556141,1.061375,183.799761
2022-03-15,3.348354,2.799208,3.805990,94.096984,1.047978,180.327610
2022-03-16,3.437395,2.878371,3.798933,93.468153,1.070400,181.224242
2022-03-17,3.256850,2.649043,3.660011,96.616618,1.055686,184.035197
2022-03-18,3.451436,2.884299,3.905966,100.555109,1.036581,184.636103
2022-03-21,3.628061,3.057441,4.085309,109.952353,1.036032,179.960072
2022-03-22,3.583411,3.050098,4.028119,109.409577,1.025508,177.335380
2022-03-23,3.649074,3.129709,4.134395,107.250890,1.025150,174.773671
2022-03-24,3.447010,2.797811,3.744038,101.272838,1.024470,170.382203
2022-03-25,3.289239,2.656578,3.600214,109.887737,1.022667,171.583371
2022-03-28,3.273362,2.645191,3.670356,113.041843,1.014942,173.274476
2022-03-29,3.197472,2.476975,3.529761,116.353400,1.018902,177.643415
2022-03-30,3.343125,2.607452,3.595992,134.895971,1.015996,173.150394
2022-03-31,3.598895,2.980179,3.901456,137.320121,1.026138,170.046992
2022-04-01,3.340461,2.766362,3.712454,129.847411,1.024474,177.208456
2022-04-04,3.259887,2.607888,3.527696,129.266039,1.015618,176.046791
2022-04-05,3.189523,2.659381,3.597306,124.271697,1.000308,175.830952
2022-04-06,3.464187,2.938614,3.882127,122.768583,0.998760,174.632145
2022-04-07,3.318263,2.709121,3.694395,121.291245,0.987416,179.724371
2022-04-08,3.397906,2.749461,3.713144,118.884420,0.975492,184.951809
2022-04-11,3.588968,3.035753,3.926830,112.440990,0.980134,189.845690
2022-04-12,3.308624,2.668434,3.685729,121.843487,0.964577,189.474757
2022-04-13,3.160088,2.461197,3.478293,124.265751,0.976915,184.792317
2022-04-14,3.107353,2.392671,3.371756,123.707830,0.978320,193.585417
2022-04-15,3.021398,2.309030,3.392213,128.740359,0.977934,197.159846
2022-04-18,3.131515,2.514497,3.532982,132.102854,0.968869,194.396284
2022-04-19,3.292525,2.497076,3.597234,134.262727,0.975557,200.686652
2022-04-20,3.107863,2.182484,3.389908,138.926991,0.975532,197.508862
2022-04-21,3.224442,2.139188,3.503207,140.088759,0.969527,203.705150
2022-04-22,3.192406,2.031487,3.403616,144.674581,0.971272,210.163865
2022-04-25,3.424783,2.219544,3.600545,149.824027,0.956673,205.039109
2022-04-26,3.337892,2.102195,3.500422,150.930432,0.942696,207.181158
2022-04-27,3.164174,2.065245,3.433618,149.413219,0.933239,210.263861
2022-04-28,3.226672,2.201102,3.529640,160.084410,0.936180,222.112787
2022-04-29,3.363209,2.331907,3.621757,156.372923,0.936152,217.728614
2022-05-02,3.377065,2.390160,3.623041,158.952362,0.945032,223.827535
2022-05-03,3.156765,2.183113,3.392668,161.659351,0.937240,223.072521
2022-05-04,3.195685,2.273739,3.462022,156.932467,0.942100,216.283247
2022-05-05,3.136174,2.076754,3.226325,151.125127,0.941135,214.944477
2022-05-06,3.203255,2.034913,3.287769,148.704427,0.933181,214.206863
2022-05-09,3.055069,1.796641,3.135515,145.484726,0.936422,208.382121
2022-05-10,3.143352,1.913344,3.324969,136.370051,0.935866,209.196733
2022-05-11,3.041926,1.909216,3.194624,132.809102,0.930582,213.102250
2022-05-12,2.891342,1.718911,2.990074,134.901446,0.930934,213.514591
2022-05-13,2.930861,1.801524,3.042245,143.264800,0.929849,210.178593
2022-05-16,2.864124,1.788503,3.090875,147.086448,0.928564,208.764142
2022-05-17,2.796895,1.728419,3.017508,130.925687,0.925122,208.054692
2022-05-18,2.999969,1.876619,3.188684,135.310037,0.914321,208.417289
2022-05-19,3.003052,1.843340,3.121302,132.362435,0.914936,213.060304
2022-05-20,3.082807,1.897933,3.034128,135.596726,0.908350,213.635012
2022-05-23,3.192226,1.970341,3.121357,135.921518,0.900047,206.165718
2022-05-24,3.069995,1.869833,3.000026,135.147048,0.898099,202.804919
2022-05-25,3.116437,1.980602,3.069651,134.948197,0.904052,202.973771
2022-05-26,3.073651,1.913244,2.929058,135.240438,0.905564,207.739831
2022-05-27,3.141142,1.817572,2.847139,144.121958,0.901245,213.292096
2022-05-30,3.384943,2.133294,3.032127,144.167299,0.896623,221.077664
2022-05-31,3.306226,1.959348,2.888092,151.564818,0.901768,220.893837
2022-06-01,2.984196,1.627153,2.573521,158.063650,0.882525,223.748782
2022-06-02,3.151095,1.767976,2.877940,162.624518,0.888881,215.929879
2022-06-03,3.513526,2.241522,3.280246,149.698290,0.874014,217.234012
2022-06-06,3.412475,2.258529,3.272488,157.422101,0.862951,211.300404
2022-06-07,3.157294,1.962421,3.070676,153.988252,0.858966,210.287212
2022-06-08,3.115178,1.949678,3.058245,158.903454,0.875908,224.127564
2022-06-09,3.155093,1.940786,3.019995,151.836304,0.889232,224.743349
2022-06-10,3.117213,1.886652,3.046126,143.898707,0.894904,219.749612
2022-06-13,2.866150,1.747451,2.944112,157.479122,0.897780,220.909503
2022-06-14,2.966689,1.806674,3.062383,150.621328,0.882858,217.618447
2022-06-15,3.004318,1.867061,3.070696,158.573739,0.884105,212.230691
2022-06-16,2.819869,1.697219,2.821936,159.155402,0.879745,221.603454
2022-06-17,2.908498,1.865122,2.913046,155.897434,0.873303,225.908117
2022-06-20,3.159865,2.160519,3.246956,155.403371,0.874520,226.707611
2022-06-21,3.220705,2.157810,3.273755,146.410338,0.870820,223.959784
2022-06-22,3.109506,2.079502,3.284116,146.426109,0.877660,221.628396
2022-06-23,3.070399,2.101512,3.330793,139.563688,0.862500,228.216025
2022-06-24,3.182934,2.155306,3.479203,137.399055,0.863083,228.805437
2022-06-27,2.937498,1.908448,3.294210,143.618482,0.856281,213.119918
2022-06-28,2.887581,1.980006,3.270648,145.460298,0.853130,224.009224
2022-06-29,2.872536,1.922087,3.241851,136.200420,0.855472,224.047831
2022-06-30,3.162498,2.271378,3.478303,141.930808,0.846913,224.855524
2022-07-01,3.140874,2.235418,3.376342,142.121035,0.848166,229.223104
2022-07-04,3.264655,2.493631,3.602177,138.920163,0.846546,230.564806
2022-07-05,3.159333,2.276859,3.511477,143.998361,0.841528,233.244319
2022-07-06,3.159823,2.426992,3.619492,143.094122,0.837972,230.278004
2022-07-07,3.217153,2.444731,3.764308,135.973747,0.836807,223.472206
2022-07-08,3.068283,2.331770,3.650816,148.199371,0.831044,223.982601
2022-07-11,3.040207,2.362535,3.796128,148.137788,0.831097,230.014526
2022-07-12,3.176693,2.506489,3.978099,147.651576,0.829019,226.004928
2022-07-13,3.129650,2.430749,3.933696,145.052964,0.824471,221.650364
2022-07-14,2.887948,2.240476,3.632262,153.117178,0.836353,226.694752
2022-07-15,2.916528,2.254695,3.685323,149.450751,0.839484,223.633028
2022-07-18,2.784990,2.068912,3.534567,139.428632,0.836598,220.826010
2022-07-19,2.790838,2.037992,3.456939,135.531604,0.837697,218.226658
2022-07-20,2.797495,2.025471,3.509861,144.308392,0.829991,217.132482
2022-07-21,2.552923,1.938823,3.326011,149.988564,0.826735,208.807695
2022-07-22,2.312979,1.707305,3.154410,148.277517,0.824356,205.530785
2022-07-25,2.304080,1.772892,3.209137,157.784252,0.815158,205.981244
2022-07-26,2.257159,1.770865,3.136011,162.937747,0.818005,206.392973
2022-07-27,1.921577,1.283950,2.772787,160.595647,0.814291,211.287410
2022-07-28,1.919223,1.422696,2.927368,159.075053,0.811690,219.403619
2022-07-29,1.936587,1.575904,3.045833,161.165727,0.807546,225.869503
2022-08-01,1.811900,1.467372,2.966477,154.910006,0.829341,229.401140
2022-08-02,1.725478,1.183198,2.879490,154.791771,0.824410,227.793202
2022-08-03,1.761259,1.305702,3.046425,156.807751,0.809203,223.924539
2022-08-04,1.747239,1.444325,3.088896,145.151133,0.797635,223.171110
2022-08-05,2.108945,1.847685,3.471323,144.061729,0.803104,225.150177
2022-08-08,2.231614,1.879943,3.615968,142.282733,0.812822,228.243976
2022-08-09,2.252706,1.914691,3.769554,149.256125,0.807850,230.352348
2022-08-10,2.208555,1.868453,3.804546,137.388210,0.817202,228.867182
2022-08-11,2.346978,2.023300,3.922949,135.405982,0.822675,231.755449
2022-08-12,2.324734,2.196534,4.001943,132.909615,0.821273,236.890083
2022-08-15,2.403577,2.453181,4.207924,139.282116,0.819350,240.145952
2022-08-16,2.330070,2.400174,4.214385,139.318949,0.820685,238.990830
2022-08-17,2.352213,2.270983,4.173069,151.381970,0.827192,233.998448
2022-08-18,2.277117,2.135629,4.126717,155.918076,0.830155,228.942140
2022-08-19,2.388196,2.293977,4.241386,152.888641,0.825114,224.782874
2022-08-22,2.636253,2.468410,4.437736,154.458002,0.823821,225.169006
2022-08-23,2.679896,2.390886,4.363393,151.883005,0.838643,226.812374
2022-08-24,2.603871,2.345664,4.308569,157.812732,0.840541,219.154495
2022-08-25,2.647726,2.344232,4.435386,148.403806,0.847143,215.943773
2022-08-26,2.705216,2.260525,4.387559,143.049627,0.851269,216.352106
2022-08-29,2.760157,2.412165,4.524141,146.221262,0.853366,211.270121
2022-08-30,2.526037,2.089777,4.160866,154.631588,0.854201,212.640160
2022-08-31,2.379266,2.020683,4.077874,139.916322,0.861128,210.438103
2022-09-01,2.290410,1.935971,4.032926,149.154618,0.866716,206.261304
2022-09-02,1.990867,1.583088,3.782237,148.242129,0.868777,205.854077
2022-09-05,1.831646,1.403595,3.656504,136.241115,0.863369,207.078482
2022-09-06,1.678056,1.216110,3.556093,119.370815,0.866370,202.334758
2022-09-07,1.673782,1.169751,3.522289,112.197912,0.865848,200.546871
2022-09-08,1.869421,1.376389,3.708163,113.079238,0.863449,202.186259
2022-09-09,1.840066,1.365101,3.690109,113.704136,0.884519,197.906363
2022-09-12,1.720359,1.107848,3.548192,117.966993,0.872352,189.370067
2022-09-13,1.747803,1.070756,3.548971,115.918210,0.879910,181.500812
2022-09-14,1.844297,1.307723,3.722001,111.136096,0.873104,179.079160
2022-09-15,1.762423,1.168904,3.570710,110.075121,0.874136,172.359960
2022-09-16,1.692848,0.965673,3.431806,111.270000,0.894579,170.367296
2022-09-19,1.892260,1.183855,3.596324,113.443478,0.886864,178.055348
2022-09-20,1.854432,1.158650,3.697908,110.406855,0.881105,171.057523
2022-09-21,1.923229,1.290895,3.733239,116.039566,0.880966,169.390444
2022-09-22,1.964481,1.319478,3.671886,113.712063,0.874275,179.331601
2022-09-23,2.098634,1.421781,3.726964,110.259996,0.881258,180.897310
2022-09-26,1.949431,1.232643,3.576485,108.599563,0.877029,178.723265
2022-09-27,1.936700,1.348308,3.620165,115.091128,0.882207,177.582996
2022-09-28,1.942387,1.376055,3.620748,115.318253,0.871716,179.268106
2022-09-29,1.757374,1.236607,3.458327,112.655085,0.857655,187.015130
2022-09-30,1.548243,1.030740,3.264452,118.462302,0.855889,183.996881
2022-10-03,1.648386,1.099728,3.331714,131.380762,0.843892,179.920383
2022-10-04,1.658414,1.120221,3.273152,133.154682,0.855503,172.902897
2022-10-05,1.509388,0.928489,3.130327,141.260838,0.843804,173.068729
2022-10-06,1.421349,0.939707,3.043968,148.269627,0.835961,165.990743
2022-10-07,1.485555,1.046575,3.152231,144.333518,0.839078,163.504679
2022-10-10,1.147348,0.597140,2.777947,144.673650,0.834662,158.907951
2022-10-11,0.907493,0.391361,2.607653,136.708463,0.823334,163.874665
2022-10-12,0.794842,0.219876,2.494435,135.831044,0.838589,161.195615
2022-10-13,0.937396,0.364389,2.737879,132.450624,0.831064,162.888925
2022-10-14,0.952277,0.450326,2.694526,130.557379,0.829597,154.960394
2022-10-17,1.025306,0.691523,2.737390,126.751974,0.828037,155.442023
2022-10-18,0.871427,0.595259,2.613000,125.758695,0.833347,149.512434
2022-10-19,0.802118,0.419803,2.325657,129.489984,0.836822,147.374197
2022-10-20,0.901464,0.504743,2.455541,129.364933,0.830618,157.914227
2022-10-21,0.921195,0.572323,2.382255,119.483764,0.828186,162.209522
2022-10-24,0.981060,0.728497,2.507813,116.329736,0.826496,161.371046
2022-10-25,0.948539,0.694615,2.444579,109.473437,0.832086,176.512257
2022-10-26,1.010354,0.753065,2.541400,111.733129,0.823383,171.754296
2022-10-27,1.068524,0.805819,2.725168,115.307006,0.838474,177.029791
2022-10-28,1.136254,0.968475,2.731224,117.570009,0.832765,169.302656
2022-10-31,1.250979,1.100530,2.884906,114.309401,0.832699,167.838800
2022-11-01,0.961929,0.851327,2.572343,116.532364,0.824051,161.091022
2022-11-02,0.697933,0.579952,2.279977,114.960419,0.814480,162.115036
2022-11-03,0.872597,0.811681,2.419507,110.095609,0.808095,162.162543
2022-11-04,1.022075,1.034893,2.601157,114.894532,0.801067,160.464126
2022-11-07,0.987504,0.972613,2.418156,120.160033,0.798086,165.501359
2022-11-08,0.722136,0.672816,2.198522,126.239271,0.791085,162.524270
2022-11-09,0.757044,0.783104,2.150178,123.467391,0.796053,163.867916
2022-11-10,0.885661,0.969335,2.350174,130.959502,0.790463,167.567900
2022-11-11,1.120755,1.428243,2.592644,128.605470,0.784130,160.172759
2022-11-14,1.191702,1.459499,2.604181,133.056451,0.781361,156.378643
2022-11-15,1.159916,1.376380,2.634480,130.500658,0.788375,156.473389
2022-11-16,1.096284,1.267379,2.510265,129.732778,0.789901,159.333392
2022-11-17,1.172114,1.299885,2.610464,116.848536,0.789192,165.961999
2022-11-18,1.144553,1.361525,2.632967,116.138697,0.779079,164.666156
2022-11-21,1.064006,1.178750,2.456116,117.514261,0.771108,162.900433
2022-11-22,1.302503,1.557303,2.749501,116.213583,0.762287,158.482968
2022-11-23,1.574319,1.905871,3.014244,126.737036,0.771305,159.882062
2022-11-24,1.692200,2.128013,3.253684,120.887337,0.774997,158.257077
2022-11-25,1.634119,1.942263,3.147460,118.625462,0.769011,156.759152
2022-11-28,1.853249,2.155453,3.281203,114.696763,0.765114,156.140895
2022-11-29,1.936555,2.324969,3.365641,112.727358,0.759453,158.627301
2022-11-30,1.899001,2.431167,3.428975,119.099065,0.753422,155.735121
2022-12-01,1.951026,2.506129,3.511830,120.324016,0.755158,154.342317
2022-12-02,2.004237,2.548978,3.544316,117.616755,0.754073,154.889653
2022-12-05,2.051221,2.592027,3.575201,115.010593,0.761960,149.899596
2022-12-06,2.088979,2.641563,3.598350,111.807359,0.766739,148.834715
2022-12-07,2.125747,2.665170,3.607565,112.880433,0.771776,146.904273
2022-12-08,2.064464,2.562655,3.502519,113.614953,0.774371,148.760443
2022-12-09,2.093669,2.555007,3.496776,112.246994,0.772736,147.967346
2022-12-12,2.091112,2.518846,3.497008,108.809648,0.775049,146.990527
2022-12-13,2.067224,2.461252,3.435512,105.717756,0.773698,146.842826
2022-12-14,2.150798,2.554854,3.529125,105.106059,0.780031,145.821802
2022-12-15,2.244437,2.654615,3.573306,105.111500,0.781609,145.119347
2022-12-16,2.303418,2.739392,3.648905,101.072660,0.782635,145.223530
2022-12-19,2.310948,2.747088,3.660190,99.883612,0.783133,144.496030
2022-12-20,2.400271,2.847218,3.718120,101.658657,0.789977,143.764322
2022-12-21,2.409704,2.847773,3.723134,100.601809,0.784334,142.110426
2022-12-22,2.436220,2.855540,3.726251,102.170246,0.791576,140.243268
2022-12-23,2.397334,2.810724,3.641767,102.415470,0.790840,140.337854
2022-12-26,2.410714,2.805292,3.677250,100.019308,0.785299,140.825037
2022-12-27,2.418994,2.799782,3.685715,98.916205,0.782351,138.531736
2022-12-28,2.391511,2.752591,3.620656,98.098814,0.775920,139.762324
2022-12-29,2.403519,2.725575,3.604582,96.117283,0.778460,140.987177
2022-12-30,2.379413,2.745030,3.579106,94.208918,0.774429,142.536808
2023-01-02,2.457805,2.869343,3.669880,95.890961,0.775083,142.991263
2023-01-03,2.528400,2.914314,3.739923,93.983174,0.779491,143.980682
2023-01-04,2.530682,2.923948,3.745179,95.055377,0.776876,147.436916
2023-01-05,2.518592,2.959844,3.736093,93.947806,0.775835,146.880112
2023-01-06,2.554700,2.958296,3.743269,93.459988,0.770796,145.138205
2023-01-09,2.561594,2.966179,3.734232,93.812290,0.769300,142.632327
2023-01-10,2.519694,2.902163,3.698384,92.530601,0.779265,145.415082
2023-01-11,2.512716,2.890436,3.702617,92.915696,0.782302,148.190991
2023-01-12,2.502957,2.842192,3.620781,89.703175,0.781268,146.629721
2023-01-13,2.446933,2.786871,3.572303,89.987196,0.778882,145.399711
2023-01-16,2.491624,2.837714,3.582441,86.410588,0.778716,144.827328
2023-01-17,2.521742,2.859573,3.580123,85.918142,0.779222,146.737866
2023-01-18,2.455057,2.749031,3.494596,86.840022,0.777591,144.610804
2023-01-19,2.457486,2.729259,3.497833,87.438947,0.779655,141.418104
2023-01-20,2.502274,2.792915,3.520933,85.524016,0.775947,144.871946
2023-01-23,2.568341,2.883941,3.584738,83.868420,0.772237,145.323024
2023-01-24,2.603343,2.948542,3.647654,82.889002,0.773668,145.996855
2023-01-25,2.584833,2.948101,3.652062,83.032438,0.769161,145.608717
2023-01-26,2.563405,2.920686,3.599876,80.450027,0.771969,146.297886
2023-01-27,2.532229,2.864021,3.534801,80.420536,0.771914,143.812177
2023-01-30,2.559259,2.880075,3.569904,80.784387,0.764892,142.428583
2023-01-31,2.586532,2.888156,3.565626,80.418597,0.765310,142.572550
2023-02-01,2.640898,2.983448,3.645848,81.042094,0.758889,138.913399
2023-02-02,2.704164,3.002371,3.697068,81.282952,0.761525,138.440236
2023-02-03,2.702255,3.012609,3.690876,80.586746,0.760578,137.873171
2023-02-06,2.646536,2.943409,3.606099,78.262779,0.767650,137.410135
2023-02-07,2.632859,2.923841,3.590606,78.471222,0.771773,136.554303
2023-02-08,2.677788,2.967693,3.612813,77.402159,0.767691,134.995333
2023-02-09,2.647050,2.949066,3.583663,76.809620,0.759974,132.130128
2023-02-10,2.634908,2.911398,3.566409,77.458140,0.757110,132.440422
2023-02-13,2.624441,2.926613,3.581948,79.199210,0.752501,132.035820
2023-02-14,2.606166,2.911245,3.549793,79.177901,0.759402,129.915011
2023-02-15,2.577711,2.875093,3.536038,79.863433,0.759362,130.115914
2023-02-16,2.563708,2.869326,3.517550,78.155635,0.762915,129.742835
2023-02-17,2.557635,2.838079,3.506439,78.498910,0.761828,129.107768
2023-02-20,2.567083,2.876792,3.546461,78.472984,0.761144,125.765659
2023-02-21,2.551286,2.896650,3.584809,79.979551,0.761020,127.000430
2023-02-22,2.521005,2.848738,3.539219,79.334396,0.765242,125.157544
2023-02-23,2.527837,2.823552,3.513822,79.067179,0.766435,125.407201
2023-02-24,2.616646,2.892318,3.573976,80.361238,0.762394,124.259900
2023-02-27,2.577755,2.863796,3.516195,80.239529,0.768604,123.795338
2023-02-28,2.493837,2.754109,3.427106,78.908896,0.767480,125.801053
2023-03-01,2.440748,2.653930,3.328664,82.021421,0.765734,126.793632
2023-03-02,2.473289,2.679014,3.345332,80.644688,0.754977,128.733759
2023-03-03,2.497336,2.673609,3.384186,80.547063,0.757375,129.375038
2023-03-06,2.483093,2.662584,3.380486,80.950473,0.757758,130.115118
2023-03-07,2.542806,2.731509,3.419172,81.247289,0.758137,127.364144
2023-03-08,2.441558,2.596375,3.273715,80.978783,0.756611,126.982463
2023-03-09,2.435907,2.626882,3.308274,80.725213,0.754438,126.752784
2023-03-10,2.514616,2.749030,3.384385,80.419465,0.753046,128.843120
2023-03-13,2.507018,2.700393,3.347995,79.072120,0.754791,128.144721
2023-03-14,2.505968,2.645634,3.324427,81.692617,0.757207,128.687049
2023-03-15,2.501963,2.616882,3.305277,81.372360,0.756333,129.161391
2023-03-16,2.472146,2.576000,3.263574,82.062352,0.759930,131.122057
2023-03-17,2.462533,2.565134,3.239674,81.589125,0.759630,130.996846
2023-03-20,2.534116,2.649573,3.304220,81.108230,0.757718,132.411337
2023-03-21,2.604337,2.750542,3.375083,80.522774,0.758470,129.759439
2023-03-22,2.580092,2.736860,3.394137,78.657026,0.753332,127.279414
2023-03-23,2.685011,2.851782,3.485578,78.507608,0.754209,123.753269
2023-03-24,2.712080,2.848952,3.500105,78.073864,0.748416,125.173312
2023-03-27,2.775355,2.929335,3.576861,79.516087,0.744580,126.399446
2023-03-28,2.790394,2.979217,3.557587,78.115686,0.737102,127.970375
2023-03-29,2.798638,2.977966,3.562192,77.497737,0.736457,127.006893
2023-03-30,2.823325,3.002677,3.599385,76.533264,0.742408,126.235148
2023-03-31,2.968746,3.147914,3.743460,78.311343,0.741974,126.179120
2023-04-03,3.023364,3.197668,3.771153,77.346193,0.744365,128.627248
2023-04-04,2.997832,3.147985,3.741497,78.080310,0.753172,131.451100
2023-04-05,3.063706,3.194535,3.796837,79.282625,0.754695,132.806683
2023-04-06,3.056107,3.196121,3.807394,79.130421,0.751813,133.408247
2023-04-07,3.047970,3.181394,3.791084,77.538384,0.749457,135.610777
2023-04-10,3.076589,3.241592,3.845703,76.039154,0.749460,135.245322
2023-04-11,3.113994,3.216364,3.859781,77.143568,0.747092,134.667362
2023-04-12,3.135745,3.264683,3.855349,75.781185,0.745010,134.514253
2023-04-13,3.149958,3.248177,3.841467,76.352116,0.748689,133.003167
2023-04-14,3.142061,3.294239,3.840967,76.590351,0.752541,132.793121
2023-04-17,3.150013,3.336247,3.840653,77.125561,0.746369,131.077337
2023-04-18,3.089734,3.246915,3.762826,77.758377,0.743322,132.806576
2023-04-19,3.125177,3.270312,3.800399,76.742360,0.741600,133.748410
2023-04-20,3.056915,3.224131,3.756397,75.721951,0.743824,136.098226
2023-04-21,3.014859,3.143588,3.647727,76.664653,0.748088,133.530391
2023-04-24,3.007166,3.144241,3.679892,76.041418,0.758263,136.637802
2023-04-25,3.035593,3.147674,3.671138,73.079537,0.756499,134.155463
2023-04-26,3.007971,3.080383,3.673089,73.994745,0.754929,132.296616
2023-04-27,3.049432,3.146198,3.690779,73.024217,0.757154,131.380335
2023-04-28,3.013803,3.077746,3.615797,73.739251,0.754575,133.558885
2023-05-01,2.985936,3.051791,3.562978,75.480346,0.754044,133.984214
2023-05-02,2.949189,3.015354,3.543277,75.631160,0.752480,133.654245
2023-05-03,2.947601,3.022661,3.525554,76.898749,0.742681,132.449498
2023-05-04,2.975524,3.025996,3.523762,77.167832,0.743139,130.323507
2023-05-05,2.915731,2.939093,3.456245,79.112860,0.742462,132.232476
2023-05-08,2.924246,2.987901,3.505628,77.888504,0.747196,133.587974
2023-05-09,2.943081,3.003751,3.522451,77.941426,0.747216,135.816015
2023-05-10,2.857224,2.905084,3.464409,78.794019,0.742543,136.492764
2023-05-11,2.772134,2.787424,3.363197,78.605101,0.741585,132.300472
2023-05-12,2.747169,2.792920,3.369087,80.017678,0.733872,130.386135
2023-05-15,2.731594,2.761423,3.340777,79.500266,0.729442,131.226067
2023-05-16,2.731378,2.743541,3.333520,82.022116,0.731764,130.722259
2023-05-17,2.748776,2.734317,3.326901,84.611739,0.730860,129.920890
2023-05-18,2.750660,2.765142,3.348153,84.827747,0.734238,128.256518
2023-05-19,2.820422,2.813445,3.412403,85.383582,0.727053,129.890096
2023-05-22,2.766824,2.752280,3.378531,86.753875,0.726172,130.721103
2023-05-23,2.710888,2.728445,3.312364,85.015677,0.724448,131.615798
2023-05-24,2.692649,2.681967,3.279854,83.206994,0.727918,130.685877
2023-05-25,2.712549,2.707856,3.296099,84.690086,0.730371,131.061078
2023-05-26,2.761059,2.771842,3.353011,84.893643,0.732720,129.010044
2023-05-29,2.744587,2.743963,3.324166,84.455136,0.738389,128.912218
2023-05-30,2.663819,2.581090,3.199835,84.332009,0.737031,124.978409
2023-05-31,2.618848,2.513543,3.150856,81.238464,0.741968,122.619639
2023-06-01,2.575782,2.483167,3.120176,80.969256,0.738104,122.277744
2023-06-02,2.556440,2.456815,3.100510,80.030878,0.734126,126.255155
2023-06-05,2.545529,2.439095,3.080953,81.139674,0.736894,123.511415
2023-06-06,2.537012,2.459499,3.126267,82.324861,0.731371,121.686572
2023-06-07,2.528024,2.423070,3.136435,82.968743,0.733468,122.216546
2023-06-08,2.577571,2.474258,3.178338,83.371181,0.733840,125.225457
2023-06-09,2.571406,2.425701,3.145618,81.418638,0.737783,125.696678
2023-06-12,2.558420,2.416322,3.105168,82.099879,0.737564,126.963138
2023-06-13,2.578576,2.462221,3.134164,82.814255,0.737771,126.553341
2023-06-14,2.515228,2.350807,3.054043,84.288117,0.739652,125.870813
2023-06-15,2.547063,2.352242,3.083742,86.873029,0.737205,126.143600
2023-06-16,2.547413,2.361787,3.116059,84.486062,0.734607,125.228901
2023-06-19,2.555240,2.352497,3.091850,83.857810,0.736351,126.535443
2023-06-20,2.626037,2.419886,3.152881,82.812229,0.736243,124.100053
2023-06-21,2.589511,2.426012,3.119434,82.940782,0.734746,125.683032
2023-06-22,2.666770,2.545272,3.213837,82.867662,0.734442,125.889103
2023-06-23,2.684023,2.547042,3.238913,82.490004,0.740320,125.686658
2023-06-26,2.632075,2.474159,3.198054,83.694367,0.738682,123.201016
2023-06-27,2.664930,2.495832,3.220187,82.211575,0.736941,121.801344
2023-06-28,2.616056,2.438895,3.168505,80.871478,0.730676,123.901173
2023-06-29,2.593478,2.400810,3.132035,79.612633,0.730522,123.728403
2023-06-30,2.651890,2.438047,3.131308,79.195025,0.732925,124.336557
2023-07-03,2.663718,2.445891,3.174076,77.772510,0.735996,123.085940
2023-07-04,2.612765,2.446087,3.156244,77.781733,0.736394,123.208593
2023-07-05,2.679058,2.506884,3.227477,77.654373,0.739922,121.181064
2023-07-06,2.719779,2.594762,3.282357,76.812155,0.742632,121.529065
2023-07-07,2.784523,2.657395,3.351327,77.920518,0.746776,122.306800
2023-07-10,2.801964,2.674823,3.382120,77.912540,0.750461,122.996715
2023-07-11,2.867741,2.731868,3.463897,79.227211,0.756375,121.721012
2023-07-12,2.777312,2.642414,3.353729,79.018759,0.755733,121.356521
2023-07-13,2.765191,2.632097,3.353527,79.019337,0.750735,122.402466
2023-07-14,2.739581,2.584167,3.315145,78.384082,0.753231,122.240141
2023-07-17,2.733359,2.578877,3.306870,78.423792,0.756176,121.958051
2023-07-18,2.702692,2.533196,3.249405,79.313456,0.762136,125.184019
2023-07-19,2.694712,2.529347,3.242743,78.845982,0.767034,123.810596
2023-07-20,2.756759,2.625819,3.358588,79.496138,0.774532,125.701160
2023-07-21,2.747256,2.610733,3.380505,78.547755,0.776936,123.996659
2023-07-24,2.770793,2.663699,3.408695,79.490867,0.777825,125.204342
2023-07-25,2.758943,2.655297,3.432080,78.817502,0.772457,126.485343
2023-07-26,2.762136,2.685732,3.437644,79.866543,0.773648,125.803905
2023-07-27,2.766236,2.682165,3.455939,79.943630,0.771514,123.997903
2023-07-28,2.779246,2.714824,3.472464,81.790182,0.772330,121.005231
2023-07-31,2.843238,2.779878,3.521840,80.333144,0.772541,120.210997
2023-08-01,2.938818,2.842397,3.591211,78.564109,0.774365,121.250837
2023-08-02,2.948215,2.886990,3.574699,77.883573,0.773988,119.714123
2023-08-03,2.984016,2.919859,3.625444,76.344061,0.777615,120.072100
2023-08-04,2.934925,2.876205,3.562530,74.881922,0.767099,117.909091
2023-08-07,2.940289,2.863291,3.547607,75.733393,0.767828,117.755779
2023-08-08,3.007573,2.914130,3.575310,75.853264,0.772459,116.142951
2023-08-09,3.055187,2.949105,3.615104,75.429790,0.779715,116.256753
2023-08-10,3.039843,2.984912,3.655475,75.125691,0.782574,115.692458
2023-08-11,3.087352,3.040425,3.732946,74.596228,0.789195,114.030948
2023-08-14,3.129917,3.075924,3.730882,76.626547,0.789862,113.236441
2023-08-15,3.179951,3.165063,3.783460,75.883820,0.789873,112.009425
2023-08-16,3.209980,3.202744,3.781756,74.511701,0.791967,110.187052
2023-08-17,3.186684,3.199929,3.782118,75.567708,0.791954,112.217574
2023-08-18,3.180495,3.196690,3.803904,75.452449,0.788862,111.919119
2023-08-21,3.061207,3.034527,3.656118,77.932258,0.786832,108.676367
2023-08-22,3.053343,3.041418,3.677186,77.380320,0.782469,107.992354
2023-08-23,2.898349,2.866132,3.498496,78.446830,0.784539,109.775969
2023-08-24,2.848858,2.783047,3.445337,79.777555,0.784584,108.860036
2023-08-25,2.842399,2.788072,3.478152,79.162736,0.783172,111.567826
2023-08-28,2.846748,2.814570,3.514035,78.310172,0.780956,110.481488
2023-08-29,2.785530,2.733175,3.418386,79.236613,0.782930,111.582126
2023-08-30,2.758499,2.699849,3.386331,79.945848,0.785991,113.524926
2023-08-31,2.815002,2.748894,3.487624,78.273622,0.781561,114.509988
2023-09-01,2.819988,2.737208,3.488531,77.010256,0.776545,112.565697
2023-09-04,2.933440,2.865887,3.567378,74.220085,0.780260,111.332091
2023-09-05,2.944441,2.902105,3.564367,75.054563,0.774914,113.490883
2023-09-06,2.967359,2.941883,3.566462,74.903625,0.777038,112.468596
2023-09-07,3.045116,3.023524,3.672699,74.869363,0.783345,114.304993
2023-09-08,3.040421,3.047806,3.684546,73.138987,0.789713,113.873487
2023-09-11,3.014252,2.975480,3.626392,72.137929,0.792632,114.361052
2023-09-12,2.995653,2.957497,3.623644,71.845213,0.795446,112.399670
2023-09-13,3.010211,2.965186,3.581851,71.354077,0.804453,111.702445
2023-09-14,2.973895,2.861458,3.501844,71.725992,0.795118,110.584930
2023-09-15,2.969623,2.851787,3.492715,72.593865,0.793274,111.240040
2023-09-18,2.938847,2.800199,3.473641,75.327027,0.796647,111.676756
2023-09-19,2.987539,2.854918,3.488618,75.440507,0.795305,112.700228
2023-09-20,2.948247,2.843045,3.486560,76.848494,0.800250,112.188390
2023-09-21,2.944343,2.839771,3.491897,75.989259,0.800093,110.978138
2023-09-22,2.941532,2.838974,3.465916,74.218307,0.800620,111.560723
2023-09-25,2.953623,2.878580,3.482707,73.993466,0.799521,110.197774
2023-09-26,2.993959,2.915289,3.515434,72.410583,0.797435,112.221272
2023-09-27,2.953755,2.854175,3.498078,72.643418,0.795256,112.315824
2023-09-28,2.895556,2.799858,3.447476,72.006032,0.796335,112.070849
2023-09-29,2.943717,2.839792,3.499609,70.147076,0.793257,113.089622
2023-10-02,2.930743,2.829442,3.496269,72.282169,0.797047,113.236542
2023-10-03,2.876068,2.769592,3.410250,71.920225,0.799655,110.851294
2023-10-04,2.901023,2.838953,3.430456,70.399581,0.804062,109.444493
2023-10-05,2.940199,2.857246,3.447724,71.628645,0.799537,111.442382
2023-10-06,2.862202,2.776944,3.375642,71.085388,0.792771,111.862173
2023-10-09,2.878360,2.784006,3.403072,72.513926,0.792755,109.453043
2023-10-10,2.932992,2.830758,3.449606,71.932283,0.804329,110.321892
2023-10-11,2.925617,2.861245,3.457865,71.578929,0.809437,109.723859
2023-10-12,2.958605,2.897810,3.492549,72.190611,0.807196,108.627421
2023-10-13,2.893580,2.846669,3.452527,73.060640,0.808911,107.109350
2023-10-16,2.905505,2.858081,3.457390,74.109160,0.811859,109.038144
2023-10-17,2.882371,2.863127,3.447976,74.179486,0.806324,106.202965
2023-10-18,2.863016,2.851211,3.424620,74.939646,0.811865,105.200884
2023-10-19,2.931896,2.901007,3.467512,75.931211,0.811185,105.741078
2023-10-20,2.978483,2.977413,3.513784,76.279354,0.810817,108.609048
2023-10-23,3.039668,3.115976,3.623793,76.225128,0.810914,109.809131
2023-10-24,3.078291,3.174491,3.675454,74.698634,0.815568,108.757400
2023-10-25,3.103102,3.176839,3.688491,75.528220,0.812494,111.516791
2023-10-26,3.113697,3.185833,3.696820,75.706542,0.805589,109.633426
2023-10-27,3.148477,3.258990,3.724649,75.362907,0.806891,110.361630
2023-10-30,3.150014,3.282967,3.751434,76.959017,0.798688,111.438469
2023-10-31,3.143620,3.281114,3.775032,75.415901,0.797486,110.314299
2023-11-01,3.177466,3.335533,3.818685,77.435780,0.802233,111.727305
2023-11-02,3.215253,3.339205,3.829268,77.485605,0.804559,111.187808
2023-11-03,3.208158,3.294786,3.791183,77.930155,0.808763,112.588158
2023-11-06,3.179880,3.288404,3.772665,77.530680,0.811276,109.918923
2023-11-07,3.219128,3.330783,3.793318,75.687137,0.821112,110.755696
2023-11-08,3.208791,3.337032,3.809254,75.654477,0.818701,110.388768
2023-11-09,3.198225,3.356602,3.815347,76.162811,0.820332,112.524407
2023-11-10,3.244649,3.401303,3.872133,77.052829,0.818537,112.728793
2023-11-13,3.248859,3.387707,3.850213,76.910841,0.822462,115.000273
2023-11-14,3.299132,3.430562,3.887338,74.510506,0.822209,116.062450
2023-11-15,3.309931,3.441739,3.918345,72.962661,0.829306,116.097812
2023-11-16,3.257106,3.407481,3.861010,75.451531,0.827108,117.597105
2023-11-17,3.331804,3.467596,3.925433,74.355565,0.832947,119.091628
2023-11-20,3.318520,3.450463,3.901946,76.131286,0.835421,120.055767
2023-11-21,3.244397,3.360394,3.838801,75.183743,0.835286,116.587527
2023-11-22,3.177525,3.337504,3.779701,75.118054,0.837554,115.249555
2023-11-23,3.138586,3.271323,3.730619,75.969202,0.838649,117.711629
2023-11-24,3.160031,3.264446,3.734732,75.156760,0.840143,115.924999
2023-11-27,3.132593,3.236586,3.737162,77.117699,0.839275,117.577687
2023-11-28,3.130841,3.227218,3.721062,77.290384,0.836336,118.932235
2023-11-29,3.164824,3.239555,3.781047,77.907017,0.834936,117.981709
2023-11-30,3.193274,3.252179,3.795887,77.656654,0.827939,115.009521
2023-12-01,3.222476,3.235447,3.808233,78.497747,0.831431,114.349166
2023-12-04,3.231439,3.263803,3.826043,80.424634,0.826312,117.930498
2023-12-05,3.234903,3.290438,3.835086,80.253664,0.825414,116.769949
2023-12-06,3.139812,3.157711,3.719666,82.355326,0.828092,115.731438
2023-12-07,3.140714,3.159987,3.695387,81.532254,0.831575,114.377992
2023-12-08,3.042813,3.027021,3.612113,82.425181,0.824229,116.577867
2023-12-11,3.036694,3.045961,3.615237,82.957777,0.823851,116.423423
2023-12-12,3.011542,3.037583,3.609148,81.549800,0.825747,115.657739
2023-12-13,3.085865,3.122848,3.680362,81.764683,0.825961,118.162720
2023-12-14,3.151645,3.200933,3.763249,81.720209,0.831531,119.308283
2023-12-15,3.174654,3.197654,3.794422,80.629550,0.828121,118.044336
2023-12-18,3.170877,3.159080,3.758215,81.044638,0.819680,116.306159
2023-12-19,3.202780,3.197808,3.774566,81.191067,0.823008,118.396169
2023-12-20,3.179086,3.168764,3.780105,81.066764,0.820801,118.639068
2023-12-21,3.178992,3.168978,3.785204,80.951241,0.813615,116.374175
2023-12-22,3.216605,3.245085,3.828828,80.813356,0.812971,113.757448
2023-12-25,3.235868,3.206137,3.815086,80.344471,0.817988,112.234212
2023-12-26,3.280747,3.252847,3.870592,80.502794,0.812838,110.528694
2023-12-27,3.304339,3.307122,3.894365,79.714000,0.822387,107.549684
2023-12-28,3.273101,3.273241,3.853530,82.963837,0.818949,106.114976
2023-12-29,3.300850,3.324289,3.915543,81.139790,0.819306,104.983298
2024-01-01,3.355526,3.358542,3.930650,80.397093,0.814327,104.593175
2024-01-02,3.351449,3.337100,3.936350,79.777646,0.814496,107.655899
2024-01-03,3.328709,3.281913,3.882966,82.264054,0.813952,107.552391
2024-01-04,3.310651,3.244914,3.827317,80.583587,0.807912,107.608747
2024-01-05,3.295788,3.217258,3.793886,81.082389,0.819408,108.747468
2024-01-08,3.322204,3.249868,3.828480,81.352252,0.817382,108.680285
2024-01-09,3.283867,3.220030,3.779145,81.719258,0.815363,109.633727
2024-01-10,3.303567,3.225966,3.790689,83.195807,0.819323,110.386373
2024-01-11,3.244169,3.159856,3.733982,84.627501,0.826789,110.878651
2024-01-12,3.230850,3.155490,3.707306,83.915299,0.831459,115.596210
2024-01-15,3.260517,3.152608,3.720976,84.039319,0.826481,117.298049
2024-01-16,3.364412,3.307877,3.856456,81.601325,0.827365,115.794314
2024-01-17,3.295823,3.253527,3.790962,81.674132,0.819619,116.628726
2024-01-18,3.352152,3.338286,3.858607,80.657046,0.823322,115.595660
2024-01-19,3.377202,3.378658,3.872683,80.412131,0.816618,116.553705
2024-01-22,3.406672,3.377356,3.860369,78.392661,0.813345,114.587868
2024-01-23,3.421867,3.385717,3.875579,78.918233,0.813332,113.069542
2024-01-24,3.438227,3.417411,3.947508,76.966648,0.815144,113.889099
2024-01-25,3.441992,3.396160,3.938867,77.227537,0.814081,115.746478
2024-01-26,3.495020,3.479585,4.006415,75.899995,0.820288,116.793244
2024-01-29,3.472943,3.439006,3.997166,75.057186,0.823260,118.391900
2024-01-30,3.537049,3.511935,4.077680,76.514830,0.825918,119.206090
2024-01-31,3.524295,3.497666,4.062980,77.295799,0.820856,119.690023
2024-02-01,3.507749,3.500884,4.025542,78.720946,0.827861,119.087214
2024-02-02,3.450427,3.415469,3.984180,80.623381,0.824543,120.597145
2024-02-05,3.472741,3.425237,4.047622,79.675589,0.831738,122.430980
2024-02-06,3.561710,3.512503,4.126263,81.497287,0.840190,122.505685
2024-02-07,3.529934,3.510556,4.103892,79.680975,0.842347,122.493546
2024-02-08,3.526968,3.456842,4.099098,80.587394,0.846705,125.214860
2024-02-09,3.459761,3.421260,4.025708,79.975689,0.833753,125.330037
2024-02-12,3.441670,3.413655,4.035017,78.868137,0.832940,125.597834
2024-02-13,3.370138,3.318634,3.944484,79.632463,0.837543,126.516617
2024-02-14,3.326785,3.290018,3.903093,80.780391,0.841424,126.494961
2024-02-15,3.330059,3.293181,3.900794,81.873228,0.836308,125.317467
2024-02-16,3.387832,3.353362,3.955218,82.080510,0.835081,126.069037
2024-02-19,3.500053,3.508911,4.112710,82.179816,0.824557,126.146339
2024-02-20,3.453955,3.509803,4.086562,82.765080,0.826262,129.232475
2024-02-21,3.528032,3.613965,4.145542,83.058345,0.818518,130.601668
2024-02-22,3.551007,3.634108,4.138444,83.641361,0.823157,129.742879
2024-02-23,3.558573,3.635199,4.100972,83.785737,0.828039,131.011947
2024-02-26,3.554139,3.672387,4.101282,84.734045,0.826078,131.594413
2024-02-27,3.562338,3.655670,4.106011,82.548386,0.828234,133.773551
2024-02-28,3.578353,3.673428,4.127007,82.308533,0.827335,132.996688
2024-02-29,3.546113,3.640840,4.098543,80.548834,0.828336,133.368603
2024-03-01,3.488142,3.574177,4.057679,80.867261,0.823598,133.276368
2024-03-04,3.422321,3.491007,3.973223,82.856860,0.826166,133.437171
2024-03-05,3.479787,3.535464,4.000815,82.183178,0.819414,132.086481
2024-03-06,3.498962,3.524607,3.970719,82.273716,0.811951,133.087075
2024-03-07,3.449362,3.443572,3.958986,83.142686,0.811456,133.824947
2024-03-08,3.489477,3.449042,3.993751,80.510406,0.810600,135.943055
2024-03-11,3.510262,3.503451,4.003413,79.867099,0.811704,135.967583
2024-03-12,3.534130,3.522160,4.006759,80.308993,0.809072,135.348964
2024-03-13,3.522373,3.487785,3.996459,76.885019,0.816737,136.658346
2024-03-14,3.560032,3.581399,4.031602,75.857030,0.817393,135.421035
2024-03-15,3.635363,3.670815,4.115753,77.243173,0.818345,137.202800
2024-03-18,3.655283,3.705175,4.158780,78.496618,0.819152,138.963319
2024-03-19,3.705563,3.774667,4.205892,78.983537,0.823270,140.985332
2024-03-20,3.762012,3.846504,4.273120,80.066378,0.825645,141.578076
2024-03-21,3.828354,3.891063,4.354291,80.323136,0.827472,140.783901
2024-03-22,3.855371,3.882595,4.413736,80.985303,0.830522,140.950762
2024-03-25,3.877873,3.906210,4.439804,80.573165,0.822980,141.549365
2024-03-26,3.916394,3.946362,4.454464,80.695973,0.815660,140.637644
2024-03-27,3.878446,3.882976,4.386282,79.913377,0.815350,142.764254
2024-03-28,3.919021,3.933380,4.434046,81.445005,0.814544,143.664746
2024-03-29,3.850986,3.864917,4.346432,83.280494,0.816909,142.200542
2024-04-01,3.801104,3.845225,4.303766,84.919812,0.816991,145.191134
2024-04-02,3.847497,3.908981,4.366307,84.250573,0.819371,145.295046
2024-04-03,3.873293,3.960997,4.396906,82.924926,0.814284,143.491531
2024-04-04,3.947994,4.047348,4.470630,84.437619,0.814240,142.128209
2024-04-05,3.950922,4.057898,4.497611,84.991567,0.808799,144.487380
2024-04-08,3.899203,3.968500,4.439522,85.256559,0.810365,147.362482
2024-04-09,3.910643,3.948147,4.419768,84.289004,0.802790,148.904034
2024-04-10,3.935561,3.967722,4.439678,84.696106,0.804189,150.925887
2024-04-11,3.942102,3.997703,4.445919,83.186008,0.798304,152.763213
2024-04-12,3.976838,4.060922,4.521387,83.882627,0.796775,153.526647
2024-04-15,3.985079,4.036647,4.505256,85.513997,0.800348,153.917847
2024-04-16,3.998288,4.067433,4.516294,87.456904,0.801259,154.642450
2024-04-17,3.957626,4.029737,4.439094,88.155335,0.794693,155.673650
2024-04-18,3.970817,4.046978,4.432953,86.095564,0.792025,154.330357
2024-04-19,3.956581,4.052290,4.402189,86.160764,0.786102,155.358187
2024-04-22,3.901660,4.032392,4.371602,88.773171,0.779469,157.538392
2024-04-23,3.901012,4.051398,4.337403,87.350920,0.779928,157.032812
2024-04-24,3.880772,4.053793,4.347967,87.043556,0.782116,156.361288
2024-04-25,3.916074,4.039966,4.334676,88.684049,0.783840,156.960149
2024-04-26,3.973819,4.131488,4.413644,89.232511,0.786206,155.751095
2024-04-29,3.949624,4.134949,4.394133,92.311731,0.786159,153.486675
2024-04-30,3.946556,4.119494,4.391439,90.911259,0.785085,155.188158
2024-05-01,3.880786,4.012124,4.278032,89.228616,0.780884,154.314755
2024-05-02,3.843639,3.947301,4.219118,90.584981,0.779168,154.201125
2024-05-03,3.841139,3.955273,4.225337,88.643472,0.774037,153.082914
2024-05-06,3.783619,3.900212,4.198087,88.110614,0.770773,154.994892
2024-05-07,3.831698,3.965546,4.259309,87.769259,0.771116,156.210025
2024-05-08,3.808086,3.958480,4.261200,88.896308,0.770662,155.662742
2024-05-09,3.833400,4.059313,4.321685,89.435824,0.782562,153.618278
2024-05-10,3.837675,4.055023,4.329890,89.750397,0.777314,152.927008
2024-05-13,3.804607,4.045389,4.317571,88.902993,0.776828,153.709982
2024-05-14,3.780500,4.031123,4.345858,90.251958,0.771317,153.874700
2024-05-15,3.772478,4.058805,4.335715,95.523787,0.769823,153.910509
2024-05-16,3.832493,4.101263,4.441199,96.007284,0.768488,154.110122
2024-05-17,3.740361,3.962341,4.326998,95.626237,0.771742,155.183095
2024-05-20,3.660652,3.903227,4.244357,93.281953,0.770009,154.964289
2024-05-21,3.651984,3.884866,4.229901,91.969449,0.769272,155.534668
2024-05-22,3.664761,3.867348,4.248548,91.292432,0.767619,153.800251
2024-05-23,3.712031,3.903126,4.267073,90.205252,0.762260,157.748409
2024-05-24,3.732360,3.929226,4.306129,89.859259,0.759779,157.116750
2024-05-27,3.721047,3.923365,4.316869,91.966866,0.758330,157.271332
2024-05-28,3.772326,4.007687,4.360067,93.312475,0.758609,158.004963
2024-05-29,3.818182,4.067935,4.408348,92.661540,0.760733,157.167649
2024-05-30,3.819785,4.068056,4.407392,90.597036,0.759841,157.008492
2024-05-31,3.855305,4.131205,4.446145,92.088509,0.758883,156.831487
2024-06-03,3.854042,4.133057,4.485242,91.633108,0.752382,155.200712
2024-06-04,3.836564,4.085591,4.440943,88.927565,0.754415,155.750448
2024-06-05,3.864483,4.092102,4.457429,89.598156,0.751795,152.954188
2024-06-06,3.858704,4.071092,4.487191,90.678547,0.754608,155.628980
2024-06-07,3.848342,4.055651,4.495769,87.110145,0.759592,156.741443
2024-06-10,3.891827,4.112644,4.598071,85.819876,0.758878,157.596625
2024-06-11,3.802863,3.988859,4.472815,85.497497,0.755005,154.642031
2024-06-12,3.744106,3.894336,4.406256,86.272505,0.754942,153.227565
2024-06-13,3.680859,3.779679,4.338198,85.414017,0.756260,155.318241
2024-06-14,3.678407,3.743833,4.322360,84.188942,0.755068,161.807045
2024-06-17,3.659507,3.723411,4.280833,84.982046,0.752941,163.500483
2024-06-18,3.574694,3.635210,4.219801,84.234349,0.755066,164.924587
2024-06-19,3.549637,3.610334,4.177904,84.790738,0.756947,165.515300
2024-06-20,3.505973,3.556315,4.135919,83.243395,0.755637,163.904152
2024-06-21,3.604787,3.701384,4.245802,81.474617,0.749413,165.257389
2024-06-24,3.682398,3.796442,4.316082,82.357755,0.751125,163.242883
2024-06-25,3.683026,3.774778,4.307454,82.598295,0.748249,161.073518
2024-06-26,3.668426,3.742430,4.270545,83.668871,0.749052,158.825136
2024-06-27,3.601911,3.682076,4.223717,82.891531,0.749618,160.198041
2024-06-28,3.530371,3.570368,4.166331,81.821589,0.742571,159.904198
2024-07-01,3.519049,3.568614,4.184470,83.452406,0.742872,159.866529
2024-07-02,3.507006,3.513909,4.112649,81.464277,0.744786,159.643217
2024-07-03,3.504572,3.495374,4.099934,82.962805,0.747162,157.645639
2024-07-04,3.403709,3.429995,4.030983,84.530209,0.747601,156.396013
2024-07-05,3.378565,3.399315,3.994061,85.486447,0.740247,155.239371
2024-07-08,3.416441,3.401793,3.978970,84.440808,0.744989,152.838543
2024-07-09,3.457698,3.425608,4.002997,83.277817,0.746521,151.903421
2024-07-10,3.504880,3.448169,4.022983,82.915889,0.742043,150.054297
2024-07-11,3.434533,3.366461,3.991635,81.233450,0.739126,150.878035
2024-07-12,3.486168,3.414748,4.028443,80.033291,0.739981,151.826808
2024-07-15,3.442479,3.364562,4.009673,80.810040,0.742501,149.638717
2024-07-16,3.474122,3.384215,4.019572,81.576336,0.740691,149.067719
2024-07-17,3.455400,3.358719,4.002826,80.255093,0.743755,151.946738
2024-07-18,3.388659,3.282973,3.949695,81.065425,0.737118,150.258050
2024-07-19,3.366532,3.278582,3.952792,81.587347,0.733286,150.838090
2024-07-22,3.397536,3.288762,3.955248,83.407068,0.725756,150.898544
2024-07-23,3.437383,3.365770,3.985228,84.016979,0.722507,152.538179
2024-07-24,3.437128,3.375568,3.956752,85.236339,0.727975,152.885544
2024-07-25,3.482592,3.479970,4.026908,85.685360,0.735504,152.066616
2024-07-26,3.521677,3.547957,4.088374,86.775234,0.736367,152.052772
2024-07-29,3.500462,3.567180,4.069264,84.908624,0.734020,152.062436
2024-07-30,3.546758,3.594812,4.100879,84.602433,0.733207,151.795100
2024-07-31,3.647671,3.654607,4.174203,84.411209,0.734945,149.566570
2024-08-01,3.747436,3.751007,4.256253,83.967829,0.729224,151.459847
2024-08-02,3.684099,3.696833,4.225833,84.406113,0.727139,153.051542
2024-08-05,3.603249,3.651851,4.182649,85.076183,0.732375,151.250324
2024-08-06,3.639662,3.735446,4.236453,85.420436,0.728555,150.656660
2024-08-07,3.617410,3.703010,4.180744,85.026625,0.725832,150.189956
2024-08-08,3.556038,3.641123,4.092083,83.939841,0.725880,148.237626
2024-08-09,3.524908,3.630282,4.052760,85.209757,0.726908,145.168376
2024-08-12,3.569041,3.637825,4.094759,85.495971,0.724640,144.043744
2024-08-13,3.585091,3.615348,4.087637,84.031923,0.724919,143.433063
2024-08-14,3.558814,3.609664,4.087360,83.664634,0.727126,141.092759
2024-08-15,3.526753,3.577400,4.053962,81.395758,0.734292,141.364996
2024-08-16,3.495690,3.531128,4.019849,81.396708,0.733829,143.211916
2024-08-19,3.463205,3.476316,3.988867,81.112727,0.733677,144.527183
2024-08-20,3.585651,3.586849,4.054243,80.383464,0.739302,144.279214
2024-08-21,3.605587,3.592002,4.071811,82.305178,0.737275,141.291763
2024-08-22,3.655031,3.618377,4.113107,80.821215,0.732409,142.423969
2024-08-23,3.652909,3.568933,4.113850,81.657119,0.733326,142.633957
2024-08-26,3.627646,3.557447,4.120537,84.328050,0.737283,143.286579
2024-08-27,3.609767,3.511700,4.068413,85.566422,0.738615,146.351478
2024-08-28,3.493855,3.393107,3.963042,85.353535,0.738256,144.968264
2024-08-29,3.398109,3.328063,3.894138,83.750955,0.732929,140.318876
2024-08-30,3.290417,3.240152,3.794687,81.944486,0.732715,138.630160
2024-09-02,3.181653,3.112683,3.692596,81.381525,0.737247,139.421531
2024-09-03,3.141743,3.051387,3.634380,80.505831,0.732712,139.470397
2024-09-04,3.202159,3.130438,3.723745,79.626530,0.731816,137.530675
2024-09-05,3.205507,3.143394,3.728635,79.248858,0.730399,135.283820
2024-09-06,3.292466,3.212651,3.794520,79.149804,0.727856,134.763608
2024-09-09,3.292360,3.255218,3.829707,79.753531,0.728759,132.822220
2024-09-10,3.327064,3.299124,3.885439,78.293661,0.730376,133.727011
2024-09-11,3.295538,3.267825,3.856281,77.546657,0.731958,133.131458
2024-09-12,3.308391,3.289789,3.904928,77.433469,0.728392,132.196755
2024-09-13,3.341611,3.300219,3.950008,77.282308,0.722422,131.061545
2024-09-16,3.294453,3.277110,3.926015,79.523157,0.723370,131.571926
2024-09-17,3.341821,3.321270,3.973163,79.814988,0.721543,131.724382
2024-09-18,3.357116,3.363088,3.999005,77.911761,0.728205,132.130270
2024-09-19,3.366886,3.343725,3.973933,78.464252,0.735099,132.497174
2024-09-20,3.320637,3.281493,3.949034,79.155130,0.742453,132.456689
2024-09-23,3.288286,3.208615,3.919724,79.031870,0.738971,130.879114
2024-09-24,3.293172,3.225360,3.924408,77.634778,0.741078,129.801714
2024-09-25,3.308556,3.252537,3.933280,79.781101,0.744312,129.272217
2024-09-26,3.268024,3.204410,3.920011,78.517426,0.747140,132.683807
2024-09-27,3.273108,3.227382,3.934887,79.344042,0.745817,130.598831
2024-09-30,3.304234,3.245360,3.967637,79.602151,0.750602,130.022480
2024-10-01,3.320300,3.270780,3.992241,80.334795,0.750604,130.279483
2024-10-02,3.385926,3.382220,4.071471,82.407827,0.751085,129.891356
2024-10-03,3.432205,3.465943,4.131678,83.031113,0.745332,131.710793
2024-10-04,3.426696,3.409428,4.073453,82.246412,0.747739,131.300089
2024-10-07,3.498009,3.504599,4.155327,83.552807,0.746766,131.011822
2024-10-08,3.500525,3.481161,4.134250,82.657767,0.748503,132.405109
2024-10-09,3.542903,3.491746,4.177521,82.779604,0.749383,135.378197
2024-10-10,3.550794,3.481946,4.194992,81.106313,0.750062,137.676412
2024-10-11,3.514040,3.461376,4.195871,79.826023,0.749890,137.481002
2024-10-14,3.431860,3.362660,4.125553,79.892794,0.752845,137.426969
2024-10-15,3.429315,3.360164,4.112879,80.338358,0.752097,137.527450
2024-10-16,3.389240,3.299771,4.051197,78.302906,0.746645,137.787375
2024-10-17,3.435205,3.347652,4.098433,78.939938,0.748772,136.453744
2024-10-18,3.522090,3.411787,4.150321,78.006802,0.745749,137.987757
2024-10-21,3.499353,3.377640,4.123240,79.578843,0.740828,138.338454
2024-10-22,3.538353,3.390273,4.139794,79.172353,0.737051,138.283299
2024-10-23,3.507814,3.351898,4.147091,77.873429,0.738096,136.266634
2024-10-24,3.519162,3.316477,4.140636,78.025066,0.737740,136.403625
2024-10-25,3.545574,3.397161,4.188591,77.017795,0.729914,133.410449
2024-10-28,3.533175,3.359793,4.190428,78.587321,0.728516,132.545706
2024-10-29,3.589205,3.446773,4.275046,78.629962,0.732787,131.719292
2024-10-30,3.605501,3.423463,4.235348,78.491935,0.731135,132.261292
2024-10-31,3.661144,3.464824,4.254087,79.237037,0.730531,135.346439
2024-11-01,3.660681,3.486951,4.244022,78.074000,0.734350,136.308026
2024-11-04,3.714100,3.544121,4.280343,76.634769,0.737277,138.662390
2024-11-05,3.706109,3.521520,4.224529,77.205093,0.741053,139.708105
2024-11-06,3.734624,3.516101,4.212915,76.023097,0.730851,141.511110
2024-11-07,3.706198,3.509910,4.203006,74.893472,0.737213,144.467402
2024-11-08,3.667135,3.466118,4.159551,75.989629,0.739563,143.251789
2024-11-11,3.688553,3.501422,4.179988,76.708745,0.748721,141.943904
2024-11-12,3.686147,3.534127,4.204943,75.374469,0.745798,142.994563
2024-11-13,3.728010,3.571115,4.260395,74.811252,0.739251,142.958732
2024-11-14,3.789139,3.665767,4.343171,73.952580,0.739278,143.281710
2024-11-15,3.861851,3.722203,4.401771,76.128823,0.738261,142.851026
2024-11-18,3.882036,3.685862,4.381716,77.285403,0.740678,141.868502
2024-11-19,3.892052,3.677150,4.397790,76.878640,0.744669,144.443041
2024-11-20,3.858835,3.660099,4.354708,77.638617,0.744344,142.638832
2024-11-21,3.861412,3.666678,4.342402,76.143598,0.743449,143.710672
2024-11-22,3.850985,3.644864,4.329327,75.491003,0.745395,144.512330
2024-11-25,3.910580,3.706987,4.398328,75.741545,0.744440,141.940786
2024-11-26,3.915815,3.756931,4.396710,76.382322,0.743175,140.592129
2024-11-27,3.922389,3.736076,4.384508,76.376698,0.747039,139.525903
2024-11-28,3.978202,3.802277,4.441769,76.768034,0.751760,140.433979
2024-11-29,3.854247,3.703486,4.305875,76.953437,0.755845,139.842383
2024-12-02,3.750008,3.582422,4.209062,76.854317,0.755210,139.707015
2024-12-03,3.806951,3.616423,4.260281,76.605809,0.747173,137.377709
2024-12-04,3.815662,3.623928,4.269773,76.216620,0.746619,141.125391
2024-12-05,3.814469,3.686251,4.316877,76.593485,0.743795,141.228050
2024-12-06,3.755696,3.622872,4.273387,77.167601,0.743313,142.014171
2024-12-09,3.755095,3.649891,4.294941,77.481290,0.740823,141.129028
2024-12-10,3.851318,3.776252,4.434110,76.196630,0.740746,140.073534
2024-12-11,3.865081,3.826290,4.484002,75.173187,0.736907,143.133094
2024-12-12,3.859065,3.819093,4.493126,75.765633,0.732203,140.035009
2024-12-13,3.844459,3.814382,4.486462,77.583234,0.736693,140.480494
2024-12-16,3.826059,3.769143,4.457229,77.832403,0.733130,138.537283
2024-12-17,3.744704,3.685167,4.356755,77.417037,0.733131,137.903908
2024-12-18,3.736913,3.703075,4.357486,77.754512,0.736638,136.903918
2024-12-19,3.778413,3.703927,4.402887,76.505173,0.740014,135.357315
2024-12-20,3.728653,3.616667,4.316593,78.126753,0.742961,135.460448
2024-12-23,3.708453,3.594315,4.273352,78.401439,0.744086,131.396997
2024-12-24,3.662008,3.531133,4.224535,77.665097,0.746785,130.978246
2024-12-25,3.620260,3.494226,4.176126,77.539900,0.751930,130.923999
2024-12-26,3.610402,3.484602,4.147294,77.001440,0.753529,128.839917
2024-12-27,3.521903,3.355384,4.024991,78.621504,0.746639,131.372667
2024-12-30,3.568365,3.388742,4.035880,78.424242,0.744668,130.507807
2024-12-31,3.599342,3.431006,4.057591,78.654149,0.747266,130.222755
2025-01-01,3.575842,3.414088,4.052553,79.374350,0.744926,129.372976
2025-01-02,3.464258,3.306857,3.938852,78.515755,0.750985,129.348741
2025-01-03,3.426550,3.242982,3.909499,78.788478,0.750748,131.548284
2025-01-06,3.474440,3.315643,3.980747,79.149708,0.751068,135.589626
2025-01-07,3.365722,3.173799,3.867007,77.350766,0.755304,136.826753
2025-01-08,3.360803,3.132605,3.861293,77.722999,0.754614,138.599275
2025-01-09,3.326328,3.051951,3.809774,77.736978,0.755279,141.359567
2025-01-10,3.384140,3.097889,3.866731,77.955754,0.758682,141.744165
2025-01-13,3.372568,3.099143,3.850524,78.058021,0.753118,144.239124
2025-01-14,3.376994,3.133417,3.876702,78.419858,0.752044,145.464575
2025-01-15,3.388704,3.137378,3.924841,80.056755,0.755168,145.640309
2025-01-16,3.466840,3.184676,3.974657,78.651125,0.755416,146.144452
2025-01-17,3.452651,3.189395,3.960872,78.288427,0.760979,143.168740
2025-01-20,3.452438,3.210523,3.974300,79.126503,0.755006,143.604443
2025-01-21,3.384232,3.154819,3.923085,79.725631,0.748653,141.098403
2025-01-22,3.428941,3.205594,4.005458,80.285198,0.751540,138.486988
2025-01-23,3.387931,3.174605,3.946473,83.661774,0.754800,138.810724
2025-01-24,3.361008,3.162516,3.943283,84.322736,0.754071,137.040091
2025-01-27,3.379946,3.157000,3.923981,85.630100,0.755583,137.058308
2025-01-28,3.318595,3.071161,3.832322,85.062856,0.758403,137.309220
2025-01-29,3.368208,3.087083,3.840446,83.651208,0.755323,137.629008
2025-01-30,3.413472,3.150311,3.882149,83.146344,0.752658,136.206123
2025-01-31,3.422946,3.168614,3.871775,83.941856,0.753373,137.681954
2025-02-03,3.357322,3.104835,3.807953,84.333894,0.756786,137.562358
2025-02-04,3.357801,3.093986,3.814208,84.711376,0.752387,138.292455
2025-02-05,3.397644,3.114013,3.867457,84.294620,0.751643,136.395227
2025-02-06,3.351769,3.052121,3.772513,83.691905,0.750725,136.145951
2025-02-07,3.295109,2.989277,3.722314,83.353528,0.752296,137.940163
2025-02-10,3.347409,3.029508,3.764823,84.160537,0.752263,139.513045
2025-02-11,3.363837,3.046235,3.806147,85.099066,0.750213,138.242247
2025-02-12,3.358843,3.072557,3.781154,83.669018,0.754911,137.386931
2025-02-13,3.451099,3.166991,3.855024,84.517501,0.752878,135.831163
2025-02-14,3.491805,3.194376,3.878271,83.558739,0.751779,134.822591
2025-02-17,3.507678,3.231194,3.892806,84.038748,0.745821,132.635857
2025-02-18,3.623349,3.378997,4.017778,83.673386,0.743164,132.488417
2025-02-19,3.588480,3.330564,4.005956,85.546574,0.745084,133.576554
2025-02-20,3.536225,3.322774,3.957969,84.840990,0.746280,132.384704
2025-02-21,3.571489,3.345224,3.979824,84.918792,0.748520,132.315887
2025-02-24,3.583796,3.380371,4.011205,85.541723,0.750585,132.039930
2025-02-25,3.545334,3.331958,3.982823,84.258170,0.758461,133.807721
2025-02-26,3.506220,3.272455,3.927123,84.035297,0.755630,132.891097
2025-02-27,3.597046,3.384892,4.034474,83.576454,0.749537,132.041840
2025-02-28,3.604440,3.428911,4.050087,82.826046,0.745610,130.767788
2025-03-03,3.585623,3.382816,3.987583,82.195886,0.742991,129.040095
2025-03-04,3.607350,3.445771,4.038823,83.510562,0.739380,129.996390
2025-03-05,3.589582,3.431168,4.026635,82.657574,0.739727,129.880249
2025-03-06,3.582099,3.412409,4.035286,83.281146,0.744374,130.069142
2025-03-07,3.621657,3.439897,4.071683,83.574232,0.750127,132.207876
2025-03-10,3.586777,3.395785,4.029501,81.733935,0.752021,134.417127
2025-03-11,3.592315,3.384795,4.030184,82.319955,0.760115,131.838981
2025-03-12,3.688461,3.465209,4.115024,80.523836,0.758762,132.957126
2025-03-13,3.696564,3.458926,4.117009,81.270152,0.752594,133.388590
2025-03-14,3.709151,3.422954,4.087771,80.616099,0.756568,132.716159
2025-03-17,3.670633,3.384893,4.083993,80.607664,0.749644,133.313291
2025-03-18,3.674227,3.338596,4.088603,79.039879,0.746820,130.617945
2025-03-19,3.653894,3.315432,4.058127,79.213796,0.748764,133.051993
2025-03-20,3.669462,3.264407,4.033028,80.346700,0.748381,133.945384
2025-03-21,3.717829,3.298085,4.075439,79.369710,0.747667,132.621614
2025-03-24,3.629234,3.230023,4.002937,78.668797,0.743266,131.758741
2025-03-25,3.658340,3.284823,4.015769,79.246980,0.743226,129.116119
2025-03-26,3.654863,3.270737,3.972305,79.841810,0.746965,128.722627
2025-03-27,3.687573,3.276390,3.998547,76.983722,0.747039,128.063029
2025-03-28,3.639274,3.194301,3.914205,79.438098,0.743945,126.062222
2025-03-31,3.696793,3.247826,3.970636,80.087343,0.739319,127.444324
2025-04-01,3.761547,3.315161,4.032724,80.926301,0.736332,129.612756
2025-04-02,3.804309,3.382520,4.085111,80.724361,0.737778,129.672852
2025-04-03,3.720340,3.320568,4.011190,78.487524,0.739046,129.287088
2025-04-04,3.743220,3.377089,4.044896,79.331329,0.736094,130.090192
2025-04-07,3.764185,3.388225,4.077888,78.681425,0.728002,130.157868
2025-04-08,3.715132,3.306794,4.006590,79.365572,0.729533,128.524803
2025-04-09,3.739295,3.302707,3.995389,79.124417,0.726266,127.595270
2025-04-10,3.766942,3.321020,4.013669,79.433664,0.728772,127.245020
2025-04-11,3.795010,3.386812,4.046509,78.532334,0.726022,127.769668
2025-04-14,3.814042,3.368815,4.082799,79.601407,0.722445,127.906910
2025-04-15,3.816048,3.382461,4.109323,78.206747,0.722998,128.364432
2025-04-16,3.875948,3.482236,4.198606,80.940926,0.731572,126.041063
2025-04-17,3.914820,3.523759,4.246404,83.674814,0.734317,127.245001
2025-04-18,3.773907,3.364487,4.101667,85.633895,0.734817,127.378016
2025-04-21,3.765716,3.341332,4.082843,87.110003,0.736137,131.588570
2025-04-22,3.761743,3.331399,4.072804,86.777654,0.729720,131.052470
2025-04-23,3.698374,3.215340,3.973740,88.094286,0.725636,131.659479
2025-04-24,3.711162,3.233191,3.999101,87.713305,0.716583,136.269634
2025-04-25,3.768059,3.312641,4.072845,85.456667,0.722808,136.617485
2025-04-28,3.730795,3.266794,4.016598,87.232587,0.728349,136.543101
2025-04-29,3.744642,3.272559,4.043194,88.492145,0.729781,134.998595
2025-04-30,3.712483,3.228745,4.003665,88.183255,0.730274,137.493835
2025-05-01,3.673250,3.181356,3.983846,86.324859,0.724631,135.664334
2025-05-02,3.741923,3.256246,4.032578,85.374023,0.723837,136.391084
2025-05-05,3.729489,3.266698,4.004820,82.911538,0.730353,135.669485
2025-05-06,3.739020,3.295248,4.026143,84.005142,0.730833,135.409852
2025-05-07,3.660925,3.179940,3.947918,81.888850,0.728772,133.177462
2025-05-08,3.730650,3.283598,4.026548,82.184376,0.722394,135.394691
2025-05-09,3.748318,3.295173,4.015085,81.085298,0.727397,134.996268
2025-05-12,3.723507,3.268133,3.989357,79.336385,0.727142,133.102162
2025-05-13,3.767618,3.283558,4.016058,79.640446,0.720783,135.175446
2025-05-14,3.724514,3.204925,3.950693,79.253393,0.717460,134.417072
2025-05-15,3.783091,3.285556,4.034393,80.278702,0.712892,135.008273
2025-05-16,3.799787,3.280938,4.028710,78.758479,0.712422,136.404457
2025-05-19,3.788247,3.281691,4.020650,77.905413,0.713161,137.198867
2025-05-20,3.814125,3.240189,3.997174,75.224483,0.711369,133.712261
2025-05-21,3.786014,3.203538,3.987894,72.934227,0.714138,134.887710
2025-05-22,3.819372,3.247472,4.011714,75.136389,0.714420,134.777850
2025-05-23,3.824000,3.253155,4.021920,77.667788,0.718225,134.303626
2025-05-26,3.857193,3.285417,4.035529,77.844954,0.716943,134.186070
2025-05-27,3.869442,3.295013,4.058234,76.951925,0.727943,131.668157
2025-05-28,3.889116,3.318670,4.089017,76.697531,0.725891,132.058949
2025-05-29,3.898370,3.303044,4.057835,77.807501,0.722620,129.955333
2025-05-30,3.995951,3.449131,4.161698,77.273855,0.718922,129.598436
2025-06-02,3.933018,3.366120,4.095449,77.630493,0.718164,129.952475
2025-06-03,3.971833,3.454277,4.151111,77.685681,0.712016,131.771409
2025-06-04,4.035431,3.537292,4.207041,77.093536,0.713065,130.542314
2025-06-05,3.996390,3.469709,4.155736,76.572405,0.706304,132.959431
2025-06-06,4.080528,3.569932,4.266491,77.011154,0.706876,134.544802
2025-06-09,4.109565,3.609626,4.307175,75.977652,0.702116,133.912298
2025-06-10,4.190484,3.647530,4.345001,76.612696,0.700778,132.199176
2025-06-11,4.186055,3.648694,4.323820,76.171474,0.702900,129.967079
2025-06-12,4.152918,3.648823,4.313893,76.429499,0.711044,130.502214
2025-06-13,4.131913,3.660098,4.300206,78.139673,0.707222,129.417537
2025-06-16,4.146308,3.686881,4.312707,77.997821,0.706691,131.442333
2025-06-17,4.212587,3.753861,4.381381,79.141574,0.704138,130.440671
2025-06-18,4.227137,3.729240,4.400890,77.067486,0.701082,129.095191
2025-06-19,4.197288,3.683562,4.367850,76.611438,0.698580,129.578041
2025-06-20,4.220647,3.728246,4.414707,76.742843,0.701465,128.584586
2025-06-23,4.263156,3.780452,4.453171,79.087678,0.699755,128.712420
2025-06-24,4.275517,3.850730,4.473608,76.822832,0.707669,130.402879
2025-06-25,4.295614,3.910974,4.490579,76.805364,0.709143,130.686417
2025-06-26,4.268060,3.910098,4.466636,78.598088,0.705570,130.973096
2025-06-27,4.208625,3.845467,4.421515,77.719209,0.704278,131.391600
2025-06-30,4.186640,3.791807,4.366465,77.538733,0.701460,128.768725
2025-07-01,4.126518,3.705179,4.289536,77.998621,0.704272,129.507978
2025-07-02,4.150252,3.705572,4.284437,78.274262,0.698525,129.868789
2025-07-03,4.145927,3.710568,4.252986,80.186858,0.693857,131.398737
2025-07-04,4.137882,3.694460,4.244751,80.722452,0.691808,132.454047
2025-07-07,3.984449,3.522414,4.096631,82.324079,0.694174,132.206389
2025-07-08,3.944235,3.478848,4.024119,81.810403,0.698467,133.936153
2025-07-09,3.993783,3.541161,4.059849,80.852394,0.703305,133.528583
2025-07-10,3.974544,3.478997,4.035368,80.553486,0.705170,133.988748
2025-07-11,3.994940,3.498910,4.074848,79.148671,0.704878,133.551022
2025-07-14,3.920167,3.432579,4.002629,79.750390,0.707684,134.354324
2025-07-15,3.957493,3.526319,4.067643,79.297548,0.703646,133.808397
2025-07-16,3.939822,3.514812,4.078222,78.523266,0.697186,136.506396
2025-07-17,3.960216,3.545625,4.062866,79.157045,0.698710,139.769112
2025-07-18,4.068547,3.672212,4.204792,77.835361,0.695205,141.169722
2025-07-21,4.110567,3.730715,4.315532,78.804988,0.694978,143.624100
2025-07-22,4.081272,3.691811,4.256551,78.276916,0.695394,141.125115
2025-07-23,4.043937,3.680586,4.226276,79.701819,0.696257,138.839660
2025-07-24,4.023699,3.684659,4.198777,79.242547,0.699530,138.336766
2025-07-25,4.023422,3.717843,4.218250,80.020065,0.702446,138.419368
2025-07-28,3.996209,3.738332,4.206055,80.235280,0.703131,138.118043
2025-07-29,3.966071,3.736186,4.200003,81.128454,0.701579,135.509446
2025-07-30,4.028781,3.825356,4.267235,81.228221,0.701957,137.396898
2025-07-31,4.004880,3.804596,4.246482,79.190370,0.699868,140.869646
2025-08-01,4.099531,3.954661,4.351967,80.422321,0.699181,142.910530
2025-08-04,4.118449,3.968386,4.363549,80.303930,0.708394,144.618262
2025-08-05,4.172659,4.055366,4.427925,81.251359,0.709039,144.933871
2025-08-06,4.183104,4.062460,4.417000,82.058763,0.710637,143.535736
2025-08-07,4.238055,4.116757,4.493421,81.050620,0.708135,143.616424
2025-08-08,4.199227,4.050121,4.447198,79.914759,0.711756,146.949201
2025-08-11,4.152701,4.016726,4.403186,80.706802,0.714467,146.316528
2025-08-12,4.188625,4.024556,4.417322,80.319324,0.717213,145.525431
2025-08-13,4.224168,4.082254,4.471675,81.445751,0.717984,147.241862
2025-08-14,4.241159,4.075090,4.500659,81.184702,0.721707,149.047341
2025-08-15,4.191589,4.002772,4.447513,82.404247,0.726310,147.600225
2025-08-18,4.127224,3.918618,4.357273,82.855509,0.727339,147.105847
2025-08-19,4.072937,3.841283,4.266391,83.126680,0.726922,146.231740
2025-08-20,4.002019,3.780795,4.175631,82.566611,0.730181,146.280926
2025-08-21,4.021541,3.810424,4.176188,82.776518,0.726888,147.984015
2025-08-22,4.059801,3.875858,4.201389,84.184741,0.724283,146.617731
2025-08-25,4.058828,3.875028,4.213550,83.987740,0.724090,148.295017
2025-08-26,3.961252,3.771071,4.088601,84.536139,0.717813,148.374709
2025-08-27,3.963369,3.780735,4.103679,84.455093,0.720789,152.012869
2025-08-28,3.940065,3.758974,4.125295,84.475640,0.717327,152.402870
2025-08-29,4.043785,3.868235,4.220402,86.546451,0.715638,152.123772
2025-09-01,3.988358,3.761692,4.158024,87.912991,0.714875,152.922078
2025-09-02,3.950830,3.760806,4.119450,87.769057,0.715016,152.253423
2025-09-03,4.040950,3.885537,4.210164,87.807363,0.713788,149.258452
2025-09-04,4.093373,3.910708,4.222994,86.645384,0.713548,148.781033
2025-09-05,4.131429,3.904753,4.231646,86.214231,0.713335,148.283153
2025-09-08,4.156894,3.921143,4.231881,86.421109,0.711743,145.652614
2025-09-09,4.170733,3.923387,4.239466,87.328337,0.708996,145.479231
2025-09-10,4.176584,3.953108,4.270475,88.083380,0.712841,142.117063
2025-09-11,4.112484,3.921195,4.246780,86.380095,0.705379,141.539593
2025-09-12,4.152291,3.971572,4.275100,87.453750,0.704654,141.913951
2025-09-15,4.083713,3.891382,4.237369,87.104276,0.703004,142.050005
2025-09-16,4.082400,3.897928,4.231011,85.605431,0.704478,141.371794
2025-09-17,4.087865,3.909609,4.264977,87.161510,0.699374,141.221227
2025-09-18,4.070116,3.870623,4.218767,88.866917,0.697628,139.954512
2025-09-19,4.045735,3.851158,4.217202,88.938288,0.697271,139.972273
2025-09-22,4.011522,3.813368,4.179368,89.603749,0.701012,140.065489
2025-09-23,3.988572,3.763468,4.122786,90.333446,0.702177,138.624434
2025-09-24,3.956327,3.742705,4.118870,91.909090,0.698034,139.066508
2025-09-25,3.922389,3.662010,4.090707,92.532299,0.696335,139.494167
2025-09-26,3.928096,3.696650,4.125206,90.312556,0.699427,139.233290
2025-09-29,3.887339,3.591509,4.064145,92.738724,0.695240,143.114632
2025-09-30,3.933975,3.622756,4.100957,93.816260,0.694967,142.858362
2025-10-01,3.894873,3.551779,4.032429,92.658064,0.694935,142.383004
2025-10-02,3.884526,3.526191,3.989918,90.836840,0.693596,141.683345
2025-10-03,3.840064,3.504583,3.942324,91.179125,0.703008,140.113008
2025-10-06,3.913071,3.594668,3.998626,90.443749,0.701559,141.209314
2025-10-07,3.913474,3.601449,4.018687,90.558584,0.703138,140.099226
2025-10-08,3.908057,3.601584,3.978185,91.234122,0.700449,139.189517
2025-10-09,3.932687,3.632385,4.001531,90.106317,0.702300,138.336435
2025-10-10,3.850502,3.494584,3.926614,88.294670,0.705364,136.777161
2025-10-13,3.853658,3.526004,3.943344,88.544693,0.703294,134.007656
2025-10-14,3.924943,3.608219,4.029089,87.572077,0.703102,133.326876
2025-10-15,3.909282,3.623551,4.013128,87.526409,0.699961,134.790943
2025-10-16,3.925132,3.634951,4.024100,85.549337,0.695967,135.158202
2025-10-17,3.950670,3.669544,4.013006,85.055034,0.699585,137.703540
2025-10-20,4.005619,3.709290,4.073634,85.814212,0.697650,138.928035
2025-10-21,3.919634,3.619486,3.975753,86.415657,0.689281,139.777098
2025-10-22,3.826400,3.506526,3.926129,85.202369,0.695392,142.791566
2025-10-23,3.850045,3.518213,3.908951,83.564200,0.692609,142.608217
2025-10-24,3.813916,3.473040,3.890673,83.474734,0.691756,142.683056
2025-10-27,3.874607,3.532323,3.951992,84.072874,0.697455,142.637882
2025-10-28,3.851022,3.524671,3.932332,84.459478,0.696961,145.081562
2025-10-29,3.794292,3.443096,3.819364,83.676830,0.696392,145.034771
2025-10-30,3.727210,3.372947,3.770067,83.938251,0.692128,143.947180
2025-10-31,3.606026,3.244304,3.652133,85.727624,0.686494,144.847989
2025-11-03,3.598553,3.235697,3.671607,85.813628,0.685923,143.493493
2025-11-04,3.574596,3.213721,3.680646,83.560930,0.687168,144.312112
2025-11-05,3.562630,3.190108,3.652663,83.706580,0.688219,144.931137
2025-11-06,3.633994,3.244642,3.689343,86.195521,0.686565,144.578781
2025-11-07,3.677802,3.298568,3.725664,84.357997,0.686634,145.438292
2025-11-10,3.677162,3.299431,3.742835,84.261427,0.680356,143.003445
2025-11-11,3.545093,3.194144,3.630684,83.845199,0.681923,143.234150
2025-11-12,3.571620,3.202839,3.685630,83.847704,0.682474,142.461384
2025-11-13,3.591206,3.207236,3.722035,83.973949,0.689242,147.016392
2025-11-14,3.592538,3.233532,3.743507,85.298068,0.689268,147.195548
2025-11-17,3.651506,3.274145,3.786444,85.242471,0.686027,146.169365
2025-11-18,3.597822,3.220894,3.743210,86.726067,0.685853,143.902389
2025-11-19,3.680853,3.342126,3.839467,86.363733,0.684729,145.952015
2025-11-20,3.634954,3.272995,3.789148,85.714289,0.686219,145.332442
2025-11-21,3.637822,3.291289,3.837069,84.682757,0.686312,144.012955
2025-11-24,3.549703,3.233603,3.755934,82.265279,0.682002,144.510904
2025-11-25,3.526143,3.193631,3.700415,82.537125,0.676446,145.505345
2025-11-26,3.558919,3.269062,3.783452,85.039984,0.677336,146.464616
2025-11-27,3.537065,3.242463,3.771338,85.469726,0.682037,146.431571
2025-11-28,3.567490,3.280735,3.820286,86.183554,0.682307,146.621959
2025-12-01,3.605255,3.275867,3.825308,85.460162,0.685088,146.926999
2025-12-02,3.613416,3.287874,3.801956,84.979038,0.688566,147.395963
2025-12-03,3.663272,3.348945,3.895660,86.087386,0.689485,148.001820
2025-12-04,3.673872,3.357283,3.910196,88.525727,0.686683,149.672926
2025-12-05,3.587679,3.259657,3.840909,90.249173,0.687353,149.666460
2025-12-08,3.570077,3.202853,3.797678,91.016123,0.691514,148.262911
2025-12-09,3.573410,3.227569,3.820137,90.712360,0.693349,147.949415
2025-12-10,3.607548,3.207189,3.862251,90.655753,0.695948,149.075970
2025-12-11,3.535800,3.126048,3.783328,89.301252,0.694340,146.126765
2025-12-12,3.490407,3.088548,3.740117,87.094464,0.693638,143.216294
2025-12-15,3.463705,3.075347,3.744190,85.416761,0.693226,144.653373
2025-12-16,3.453859,3.028081,3.727546,85.312747,0.693048,147.039036
2025-12-17,3.389447,2.979170,3.692405,84.776220,0.697108,144.944325
2025-12-18,3.373034,2.963892,3.641761,82.783917,0.688974,145.055617
2025-12-19,3.334962,2.950657,3.617457,82.652720,0.689079,144.365789
2025-12-22,3.378992,2.994187,3.689277,82.178412,0.688806,143.904803
2025-12-23,3.421695,3.057390,3.729697,80.680260,0.684098,144.354604
2025-12-24,3.416105,3.028660,3.720023,80.213131,0.686400,142.242466
2025-12-25,3.394273,3.023762,3.684170,79.821518,0.683918,140.448493
2025-12-26,3.404144,3.021870,3.709896,79.091908,0.682698,139.962006
2025-12-29,3.379656,2.955126,3.660397,80.226437,0.689038,139.729785
2025-12-30,3.364544,2.880187,3.606345,77.962254,0.692526,137.930959
2025-12-31,3.340970,2.835307,3.543925,75.732838,0.694519,139.215086
2026-01-01,3.330968,2.792694,3.541189,75.861217,0.695842,138.554838
2026-01-02,3.331137,2.742681,3.506963,76.091847,0.695269,137.894381
2026-01-05,3.347801,2.725689,3.516497,76.669725,0.702255,138.367691
2026-01-06,3.387923,2.733155,3.534773,76.149454,0.705077,138.177761
2026-01-07,3.333278,2.677890,3.486661,75.219380,0.702440,139.535946
2026-01-08,3.320691,2.699444,3.484407,75.350284,0.697539,138.047111
2026-01-09,3.306481,2.675337,3.458651,74.987422,0.699519,135.830821
2026-01-12,3.315114,2.698274,3.448988,76.901675,0.699324,135.376853
2026-01-13,3.326465,2.719693,3.440571,76.619316,0.694345,135.519462
2026-01-14,3.264207,2.655497,3.350967,76.657447,0.695835,133.579058
2026-01-15,3.215089,2.597032,3.284176,79.659271,0.694899,131.422862
2026-01-16,3.235396,2.622342,3.300826,79.437065,0.696745,131.800310
2026-01-19,3.294436,2.669295,3.346669,80.119500,0.698286,130.669858
2026-01-20,3.200332,2.558954,3.250611,80.896384,0.696166,128.439140
2026-01-21,3.207048,2.582330,3.258717,81.761452,0.698372,130.099295
2026-01-22,3.277189,2.645544,3.319440,82.063621,0.696635,129.187431
2026-01-23,3.284709,2.636212,3.346271,82.239719,0.695129,131.135255
2026-01-26,3.285337,2.671510,3.369713,82.295386,0.693282,131.269456
2026-01-27,3.252847,2.640372,3.345551,81.518214,0.697213,131.828375
2026-01-28,3.252533,2.621783,3.317693,81.871035,0.696236,131.571692
2026-01-29,3.198150,2.555627,3.268594,84.342121,0.701030,127.407715
2026-01-30,3.115410,2.422033,3.153267,85.751706,0.707309,125.714780
2026-02-02,3.162384,2.473872,3.218605,85.964281,0.704702,125.656497
2026-02-03,3.132279,2.423230,3.173523,86.887325,0.694484,126.383499
2026-02-04,3.116671,2.411478,3.165522,85.549654,0.698121,123.656185
2026-02-05,3.050408,2.309483,3.114449,85.044714,0.696928,123.733861
2026-02-06,2.989760,2.257121,3.044363,86.104390,0.693916,122.100899
2026-02-09,2.985942,2.243438,3.057952,87.852730,0.691877,122.655283
2026-02-10,2.957810,2.232496,3.015357,86.599136,0.690443,122.797689
2026-02-11,2.948166,2.251150,3.050121,85.769042,0.694936,124.159314
2026-02-12,2.964599,2.280832,3.069453,88.436945,0.695492,126.024638
2026-02-13,2.982374,2.336396,3.094394,88.298740,0.699970,126.898775
2026-02-16,2.991408,2.350701,3.102266,90.478775,0.701702,128.406417
2026-02-17,3.057572,2.460513,3.181742,90.425426,0.700617,127.961805
2026-02-18,3.022897,2.411201,3.117567,90.427030,0.699251,132.599175
2026-02-19,3.007089,2.421442,3.122885,89.683371,0.701218,130.723073
2026-02-20,3.033126,2.488063,3.181119,90.649093,0.704100,129.971433
2026-02-23,3.084318,2.574364,3.235944,92.168048,0.707618,131.513892
2026-02-24,3.038804,2.493899,3.171218,90.363541,0.706693,132.803107
2026-02-25,3.054591,2.466865,3.162308,89.559185,0.707313,133.654899
2026-02-26,3.127036,2.533237,3.220411,90.490030,0.709381,134.798859
2026-02-27,3.128636,2.567190,3.245903,89.981137,0.708021,131.517179
2026-03-02,3.136006,2.579248,3.242359,89.003178,0.704014,134.144886
2026-03-03,3.133402,2.585234,3.273283,90.072585,0.701182,133.877211
2026-03-04,3.122568,2.592459,3.275490,91.250636,0.700337,135.931870
2026-03-05,3.145761,2.596630,3.296830,90.280170,0.702660,132.718908
2026-03-06,3.123602,2.576520,3.306984,90.240343,0.707097,133.202229
2026-03-09,3.125506,2.555708,3.276248,88.299635,0.702319,132.368603
2026-03-10,3.137991,2.599437,3.242051,86.863896,0.700224,133.360309
2026-03-11,3.124661,2.574427,3.206954,86.811186,0.698973,133.934019
2026-03-12,3.137476,2.615847,3.213501,86.639456,0.701756,134.580355
2026-03-13,3.258063,2.751376,3.351173,85.187978,0.699905,132.940245
2026-03-16,3.143500,2.663066,3.273372,84.119272,0.698403,132.919692
2026-03-17,3.150272,2.693723,3.306846,82.661484,0.693489,132.702228
2026-03-18,3.112657,2.654690,3.255696,83.145979,0.695168,133.567701
2026-03-19,3.124146,2.708149,3.292842,80.634462,0.694607,135.214900
2026-03-20,3.131365,2.754308,3.298507,79.401358,0.692339,135.503512
2026-03-23,3.165399,2.783124,3.343373,77.230672,0.691441,133.506601
2026-03-24,3.182907,2.832235,3.393664,77.799803,0.695349,133.743661
2026-03-25,3.196827,2.832073,3.427883,75.787587,0.691864,137.983947
2026-03-26,3.232839,2.922769,3.482487,75.946810,0.688958,140.637716
2026-03-27,3.143435,2.821549,3.402583,77.959222,0.693285,135.872299
2026-03-30,3.193609,2.907104,3.467917,80.002879,0.693548,136.014925
2026-03-31,3.212358,2.931535,3.500167,77.864717,0.695875,137.546167
2026-04-01,3.255937,2.978383,3.552622,78.277537,0.697274,137.278983
2026-04-02,3.211185,2.933287,3.491791,77.175272,0.697151,136.570047
2026-04-03,3.180324,2.887467,3.465090,75.888145,0.695938,136.177204
2026-04-06,3.185050,2.895003,3.469717,75.879110,0.698837,137.098935
2026-04-07,3.163164,2.908535,3.428539,77.412815,0.702910,135.290394
2026-04-08,3.154966,2.924378,3.395270,78.189350,0.706731,137.239392
2026-04-09,3.194431,2.981352,3.469925,77.408232,0.702555,137.177409
2026-04-10,3.122074,2.892936,3.408716,78.308539,0.707153,135.709596
2026-04-13,3.156615,2.961508,3.487986,75.765430,0.705889,137.551460
2026-04-14,3.169154,2.993496,3.490543,75.036861,0.703229,135.103736
2026-04-15,3.158765,2.996461,3.462507,74.257777,0.702634,134.264363
2026-04-16,3.084275,2.936679,3.388665,74.511378,0.705560,133.407039
2026-04-17,3.104136,2.963734,3.415505,74.443591,0.707469,136.903276
2026-04-20,3.008298,2.829355,3.287750,74.446381,0.706566,135.838210
2026-04-21,3.043882,2.878765,3.348253,74.411968,0.709532,132.431883
2026-04-22,3.012691,2.807759,3.316721,74.598857,0.710028,131.576660
2026-04-23,3.007814,2.791282,3.330091,75.363585,0.707997,132.389774
2026-04-24,3.004813,2.784175,3.327355,75.667991,0.705495,133.720412
2026-04-27,3.064008,2.848713,3.364937,75.471877,0.706944,137.425671
2026-04-28,3.059036,2.835203,3.384339,76.060899,0.706652,139.702451
2026-04-29,3.024945,2.828138,3.355575,77.126038,0.701809,140.006102
2026-04-30,2.982796,2.814132,3.329915,76.569446,0.704788,138.579777
2026-05-01,3.032040,2.908371,3.400997,76.601904,0.703097,141.192423
2026-05-04,3.041280,2.945046,3.419740,78.050237,0.708717,140.590797
2026-05-05,3.001454,2.930230,3.406575,76.826642,0.703762,139.531837
2026-05-06,2.982413,2.906223,3.374914,79.030691,0.703127,138.869201
2026-05-07,2.903303,2.828504,3.321153,77.487347,0.700670,136.876848
2026-05-08,2.932297,2.853559,3.340973,77.160800,0.697261,136.164047
2026-05-11,2.870587,2.742843,3.279385,76.151346,0.695566,135.829433
2026-05-12,2.892199,2.778009,3.315010,78.808493,0.701751,137.040189
2026-05-13,2.897268,2.784016,3.322044,78.250929,0.702255,136.448846
2026-05-14,2.973248,2.920647,3.418602,77.716785,0.699480,134.456423
2026-05-15,2.922427,2.874869,3.381497,77.352948,0.693114,131.945823
2026-05-18,2.927731,2.864048,3.365399,77.542190,0.687174,132.361677
2026-05-19,3.019957,2.970451,3.445617,77.233375,0.685333,132.554261
2026-05-20,3.062497,3.033726,3.504643,77.161006,0.683165,131.741818
2026-05-21,3.052179,2.952819,3.476025,73.261853,0.682400,131.076470
2026-05-22,3.041333,2.960415,3.461631,73.518498,0.674692,131.787284
2026-05-25,3.025266,2.982565,3.460560,73.724770,0.674382,134.094285
2026-05-26,3.051203,2.973013,3.489277,75.066020,0.677857,132.905111
2026-05-27,3.050349,2.942210,3.452553,76.700917,0.683379,133.118304
2026-05-28,3.057159,2.968136,3.447294,76.581952,0.676937,134.720354
2026-05-29,2.991927,2.875602,3.376882,77.626963,0.674230,133.531368
2026-06-01,2.967115,2.887014,3.384141,76.423837,0.671356,133.571043
2026-06-02,2.958376,2.892981,3.391700,77.414705,0.671845,133.574539
2026-06-03,2.954115,2.912573,3.383183,76.828457,0.667760,131.540721
2026-06-04,2.883691,2.830724,3.325624,75.566887,0.673401,131.894912
2026-06-05,2.912156,2.887765,3.358573,75.485804,0.673547,132.026435
2026-06-08,2.932131,2.933811,3.372759,77.222754,0.673133,132.994305
2026-06-09,2.906669,2.910932,3.319041,77.514826,0.678515,131.165344
2026-06-10,2.912899,2.885712,3.324052,79.349589,0.678460,131.269643
2026-06-11,2.855084,2.800509,3.254637,78.482618,0.679820,133.567721
2026-06-12,2.834389,2.759689,3.195784,79.771749,0.677272,136.956044
2026-06-15,2.815630,2.725816,3.175431,79.001966,0.672647,139.034690
2026-06-16,2.869745,2.759571,3.217880,79.299299,0.670598,137.161029
2026-06-17,2.862788,2.729941,3.174486,79.578460,0.677971,137.911103
2026-06-18,2.878565,2.743545,3.184964,80.384737,0.680120,137.158957
2026-06-19,2.902767,2.747265,3.145955,80.676030,0.681054,137.641608
2026-06-22,2.922613,2.768028,3.183378,79.766314,0.677737,136.429646
2026-06-23,2.925999,2.750176,3.168539,80.833675,0.680832,133.723792
2026-06-24,2.974492,2.788998,3.221101,82.935027,0.676226,133.235326
2026-06-25,2.984044,2.733955,3.185828,82.123114,0.670949,134.459137
2026-06-26,2.932992,2.638015,3.127291,79.830469,0.669076,134.975345
2026-06-29,2.853334,2.587909,3.049237,80.435746,0.675647,135.670309
2026-06-30,2.856210,2.602906,3.028897,80.024114,0.682089,136.059766
2026-07-01,2.801919,2.555041,2.974912,79.866176,0.680552,136.746412
2026-07-02,2.824907,2.580566,3.036337,80.539305,0.678261,137.626167
2026-07-03,2.789437,2.554405,3.028704,79.973703,0.672721,137.210415
2026-07-06,2.901995,2.668343,3.135832,79.652622,0.672984,137.370936
2026-07-07,2.822081,2.616970,3.068477,79.543474,0.673529,140.186440
2026-07-08,2.836145,2.629805,3.116694,81.330550,0.676193,140.411825
2026-07-09,2.787929,2.611464,3.040980,81.326987,0.679279,140.475808
2026-07-10,2.800715,2.614331,3.008287,79.794076,0.678609,140.635666
2026-07-13,2.841177,2.597901,3.015530,78.381537,0.680498,140.280655
2026-07-14,2.747386,2.470336,2.903082,78.593579,0.678119,139.581279
2026-07-15,2.762596,2.477445,2.913717,77.314435,0.679942,139.919352
2026-07-16,2.841478,2.581677,2.987516,75.601075,0.678220,139.111014
2026-07-17,2.843144,2.562387,2.993126,76.454839,0.679780,138.887080
2026-07-20,2.852901,2.631772,2.986928,77.348988,0.681067,137.633386
2026-07-21,2.893555,2.672677,3.036667,77.000847,0.681302,137.829871
2026-07-22,2.905296,2.673036,3.050011,77.429483,0.684014,138.786284
2026-07-23,2.876027,2.658045,3.026227,77.724398,0.678664,138.459357
2026-07-24,2.782900,2.543976,2.907024,78.497849,0.675060,135.261358
2026-07-27,2.789758,2.585024,2.920404,79.258221,0.674149,136.253339
2026-07-28,2.799843,2.567042,2.916060,76.241335,0.669302,136.483100
2026-07-29,2.790864,2.521311,2.860665,76.076543,0.667941,134.929099
2026-07-30,2.811345,2.542230,2.874921,76.785601,0.666691,136.217040
2026-07-31,2.813096,2.522777,2.829613,76.408242,0.671071,134.017389
2026-08-03,2.781684,2.510364,2.822783,76.555173,0.671550,135.749868
2026-08-04,2.815032,2.571561,2.858451,77.524394,0.675015,135.700582
2026-08-05,2.747867,2.522672,2.803127,77.691786,0.676034,132.113392
2026-08-06,2.792864,2.584438,2.881107,79.538935,0.674226,132.477586
2026-08-07,2.749659,2.497043,2.812772,80.908982,0.674677,131.902902
2026-08-10,2.727400,2.458083,2.774859,80.737846,0.677142,131.092914
2026-08-11,2.791289,2.561099,2.862351,80.476186,0.681195,130.001624
2026-08-12,2.822778,2.629939,2.917560,77.094228,0.680744,129.898062
2026-08-13,2.809574,2.632314,2.925444,76.802779,0.675160,129.222780
2026-08-14,2.781318,2.572631,2.872239,75.351616,0.669386,126.359848
2026-08-17,2.794749,2.530498,2.819500,75.737972,0.668294,128.531558
2026-08-18,2.822821,2.512337,2.819052,76.036624,0.660527,128.255270
2026-08-19,2.799159,2.516115,2.831750,76.951650,0.666483,127.201621
2026-08-20,2.821174,2.492454,2.834717,78.672435,0.668475,125.524127
2026-08-21,2.838185,2.479898,2.857648,78.680930,0.666354,126.902057
2026-08-24,2.809202,2.467946,2.883979,81.459489,0.662667,124.955546
2026-08-25,2.747520,2.375945,2.832826,81.699691,0.666082,125.320370
2026-08-26,2.746734,2.361550,2.835724,80.059193,0.662383,124.533328
2026-08-27,2.798092,2.428223,2.896428,79.385283,0.659020,123.847323
2026-08-28,2.724100,2.353423,2.864027,78.960933,0.656501,122.243154
2026-08-31,2.729780,2.342554,2.889822,79.696632,0.656875,121.428212
